n,fill,method,control,budget_s,instances,diff_pp,ci_low,ci_high,win_fraction
32,0.9,M0,M1,0.0,10,0.0,0.0,0.0,0.0
32,0.9,M1,M0,0.0,10,0.0,0.0,0.0,0.0
32,0.9,CAP:8,M0,0.0,10,0.0,0.0,0.0,0.0
32,0.9,CAP:8,M1,0.0,10,0.0,0.0,0.0,0.0
32,0.9,CAP:16,M0,0.0,10,0.0,0.0,0.0,0.0
32,0.9,CAP:16,M1,0.0,10,0.0,0.0,0.0,0.0
32,0.9,SW:fixed1,M0,0.0,10,0.0,0.0,0.0,0.0
32,0.9,SW:fixed1,M1,0.0,10,0.0,0.0,0.0,0.0
32,0.9,SW:fixed3,M0,0.0,10,0.0,0.0,0.0,0.0
32,0.9,SW:fixed3,M1,0.0,10,0.0,0.0,0.0,0.0
32,0.9,SW:fixed10,M0,0.0,10,0.0,0.0,0.0,0.0
32,0.9,SW:fixed10,M1,0.0,10,0.0,0.0,0.0,0.0
32,0.9,SW:fixed30,M0,0.0,10,0.0,0.0,0.0,0.0
32,0.9,SW:fixed30,M1,0.0,10,0.0,0.0,0.0,0.0
32,0.9,BANDIT:8,M0,0.0,10,0.0,0.0,0.0,0.0
32,0.9,BANDIT:8,M1,0.0,10,0.0,0.0,0.0,0.0
32,0.9,BANDIT2:8,M0,0.0,10,0.0,0.0,0.0,0.0
32,0.9,BANDIT2:8,M1,0.0,10,0.0,0.0,0.0,0.0
32,0.9,M0,M1,0.1,10,1.5328658886303965,-0.46409316759516206,3.0759318950802252,0.8
32,0.9,M1,M0,0.1,10,-1.5328658886303965,-3.108263212796661,0.47362466133433967,0.2
32,0.9,CAP:8,M0,0.1,10,0.15217206903835356,-1.7499741311331642,2.338873961624377,0.5
32,0.9,CAP:8,M1,0.1,10,1.6850379576687502,0.7166839438234776,2.7795927127894737,0.7
32,0.9,CAP:16,M0,0.1,10,0.398743520325375,-1.5874432872341155,2.580818184967915,0.5
32,0.9,CAP:16,M1,0.1,10,1.9316094089557714,0.8919468385668446,3.05558381663112,0.8
32,0.9,SW:fixed1,M0,0.1,10,-0.748253110377335,-2.8182698203204097,1.6702049133978187,0.2
32,0.9,SW:fixed1,M1,0.1,10,0.7846127782530615,-0.30954325418138273,2.3169299729151946,0.4
32,0.9,SW:fixed3,M0,0.1,10,-1.581483215856746,-2.9876769054375405,0.40913338840312274,0.1
32,0.9,SW:fixed3,M1,0.1,10,-0.048617327226349705,-0.6633613171275173,0.48651899120457426,0.30000000000000004
32,0.9,SW:fixed10,M0,0.1,10,-1.5769806390940015,-3.218190142603718,0.5554941541270952,0.2
32,0.9,SW:fixed10,M1,0.1,10,-0.04411475046360519,-0.6877069975143493,0.559556505898112,0.1
32,0.9,SW:fixed30,M0,0.1,10,-1.662672983035535,-3.1512781822196723,0.34532753725298176,0.1
32,0.9,SW:fixed30,M1,0.1,10,-0.12980709440513838,-0.7980189900437576,0.5291391114696864,0.1
32,0.9,BANDIT:8,M0,0.1,10,-1.4982435572732653,-3.150544338989044,0.34555531056444266,0.2
32,0.9,BANDIT:8,M1,0.1,10,0.034622331357131234,-0.2119361401497695,0.35878203202300146,0.1
32,0.9,BANDIT2:8,M0,0.1,10,-1.6286346229296296,-3.0715465801988495,0.4597895045454505,0.1
32,0.9,BANDIT2:8,M1,0.1,10,-0.09576873429923344,-0.7050835488459876,0.5195862704355999,0.1
32,0.9,M0,M1,0.3,10,3.215933504523605,-0.08156464181180838,6.924819216609664,0.8
32,0.9,M1,M0,0.3,10,-3.215933504523605,-6.929241933816954,0.05297459764285976,0.2
32,0.9,CAP:8,M0,0.3,10,-2.8777329793864412,-5.812121522306443,-0.16344102194093157,0.2
32,0.9,CAP:8,M1,0.3,10,0.3382005251371636,-1.077325119533364,1.6326931161460951,0.5
32,0.9,CAP:16,M0,0.3,10,-1.748671740136336,-4.755112681021699,0.9739933015465909,0.5
32,0.9,CAP:16,M1,0.3,10,1.4672617643872685,0.017511246852906927,2.743131390592527,0.9
32,0.9,SW:fixed1,M0,0.3,10,-2.7823581539389544,-4.537494197315043,-0.60077179977121,0.1
32,0.9,SW:fixed1,M1,0.3,10,0.43357535058465,-2.051359387633624,3.380613801601942,0.30000000000000004
32,0.9,SW:fixed3,M0,0.3,10,-4.118405346452182,-7.338853311398895,-0.8571835296366851,0.2
32,0.9,SW:fixed3,M1,0.3,10,-0.9024718419285772,-2.7548823277478394,0.8373153668696429,0.30000000000000004
32,0.9,SW:fixed10,M0,0.3,10,-3.026387159246545,-6.987733618281291,0.6710351429286956,0.5
32,0.9,SW:fixed10,M1,0.3,10,0.1895463452770595,-1.7555316186397034,1.7185586789669685,0.6000000000000001
32,0.9,SW:fixed30,M0,0.3,10,-4.315804875988581,-7.958509492906757,-1.1469226847563452,0.1
32,0.9,SW:fixed30,M1,0.3,10,-1.0998713714649762,-2.8333759185506917,0.5378912162334395,0.30000000000000004
32,0.9,BANDIT:8,M0,0.3,10,-1.6462924277253561,-4.558587064636116,0.7341663629760942,0.2
32,0.9,BANDIT:8,M1,0.3,10,1.5696410767982487,0.12411480034525249,3.24758396968482,0.5
32,0.9,BANDIT2:8,M0,0.3,10,-2.4951745364699285,-5.989865961232497,0.27421014610825983,0.30000000000000004
32,0.9,BANDIT2:8,M1,0.3,10,0.720758968053676,-1.7422074116835613,3.21707904982361,0.5
32,0.9,M0,M1,1.0,10,1.2754283532235635,-2.2510240269243287,4.975663805661539,0.5
32,0.9,M1,M0,1.0,10,-1.2754283532235635,-4.872281013246346,2.2486750457082687,0.5
32,0.9,CAP:8,M0,1.0,10,-1.3433494362119776,-4.020987116726465,1.3657662940669075,0.30000000000000004
32,0.9,CAP:8,M1,1.0,10,-0.0679210829884136,-3.0424387548604255,2.5414972837144307,0.4
32,0.9,CAP:16,M0,1.0,10,-1.610079907589455,-4.961877378145685,1.6236989287121972,0.5
32,0.9,CAP:16,M1,1.0,10,-0.3346515543658912,-2.323957621666919,1.6242273480652,0.4
32,0.9,SW:fixed1,M0,1.0,10,-2.0213407748647976,-4.834970647151056,0.623763376839859,0.30000000000000004
32,0.9,SW:fixed1,M1,1.0,10,-0.7459124216412338,-3.7691917669478032,2.640089072224343,0.5
32,0.9,SW:fixed3,M0,1.0,10,-2.648423833327256,-5.861555461330305,0.729658522543664,0.4
32,0.9,SW:fixed3,M1,1.0,10,-1.3729954801036925,-3.760202174421895,0.8705711021444686,0.4
32,0.9,SW:fixed10,M0,1.0,10,-2.1278629610167474,-5.675017203713991,0.9896155458325602,0.4
32,0.9,SW:fixed10,M1,1.0,10,-0.8524346077931837,-3.4390083053204563,1.9231969040187897,0.6000000000000001
32,0.9,SW:fixed30,M0,1.0,10,-2.566255592092601,-5.817836466643239,0.3343079892740557,0.4
32,0.9,SW:fixed30,M1,1.0,10,-1.2908272388690376,-2.624591623596581,-0.07148327377557985,0.30000000000000004
32,0.9,BANDIT:8,M0,1.0,10,0.26194844578698384,-2.0851328046512623,2.5509333043855587,0.4
32,0.9,BANDIT:8,M1,1.0,10,1.5373767990105476,-0.37046589746172987,3.3489694423312852,0.8
32,0.9,BANDIT2:8,M0,1.0,10,0.44942265984877106,-1.9962253883336734,2.72624326183952,0.6
32,0.9,BANDIT2:8,M1,1.0,10,1.7248510130723347,-1.212596953308292,4.888200660658568,0.5
32,0.9,M0,M1,3.0,10,-0.319121350596952,-2.235051763606457,1.5347738312005208,0.5
32,0.9,M1,M0,3.0,10,0.319121350596952,-1.5262042250370118,2.2031810123375584,0.5
32,0.9,CAP:8,M0,3.0,10,0.8037200050449154,-1.2328929637980879,2.6711289596942573,0.7
32,0.9,CAP:8,M1,3.0,10,0.48459865444796346,-1.6305517826888538,2.6424000476933363,0.5
32,0.9,CAP:16,M0,3.0,10,-0.4217685922596832,-3.1244646097848645,1.9200558059095785,0.4
32,0.9,CAP:16,M1,3.0,10,-0.7408899428566352,-2.6954706711079544,1.2293146940953135,0.4
32,0.9,SW:fixed1,M0,3.0,10,-1.0378194362867448,-2.9778216369762913,0.8226352296334652,0.4
32,0.9,SW:fixed1,M1,3.0,10,-1.356940786883697,-3.2100205382772953,0.5967533489057583,0.2
32,0.9,SW:fixed3,M0,3.0,10,-0.7443816801123265,-3.1398897552835887,1.636180224192482,0.4
32,0.9,SW:fixed3,M1,3.0,10,-1.0635030307092785,-3.0047310684600355,0.5463769641664397,0.30000000000000004
32,0.9,SW:fixed10,M0,3.0,10,-0.5857412284465535,-3.210114854116822,1.974936927272882,0.5
32,0.9,SW:fixed10,M1,3.0,10,-0.9048625790435055,-2.932516034416696,0.7117665157933939,0.4
32,0.9,SW:fixed30,M0,3.0,10,-0.8018840076224524,-3.4587251554891485,1.7318014828554638,0.5
32,0.9,SW:fixed30,M1,3.0,10,-1.1210053582194042,-3.344620430347912,0.42130278558634676,0.5
32,0.9,BANDIT:8,M0,3.0,10,1.6773393785860444,-0.20853568587726345,3.6248489443373164,0.7
32,0.9,BANDIT:8,M1,3.0,10,1.3582180279890923,0.08749578391403855,2.908533863415519,0.7
32,0.9,BANDIT2:8,M0,3.0,10,1.4410442370265382,0.6629168710087664,2.3483190857086442,0.7
32,0.9,BANDIT2:8,M1,3.0,10,1.1219228864295863,-0.3608430757926166,2.706842169983515,0.5
32,0.9,M0,M1,10.0,10,-1.2722629682370419,-3.4243883671957795,0.8840365532574666,0.30000000000000004
32,0.9,M1,M0,10.0,10,1.2722629682370419,-0.8900815926314201,3.4293454843012916,0.7
32,0.9,CAP:8,M0,10.0,10,2.4143674797897337,0.8414373811563278,3.8986312195953454,0.9
32,0.9,CAP:8,M1,10.0,10,1.1421045115526915,-0.8479531555066084,3.3266166375427977,0.5
32,0.9,CAP:16,M0,10.0,10,1.0373118672530515,-1.4368456446987705,3.473078224936467,0.6
32,0.9,CAP:16,M1,10.0,10,-0.23495110098399052,-2.690202863670128,2.846599977700136,0.4
32,0.9,SW:fixed1,M0,10.0,10,-0.9130689372164186,-1.7180339845120791,-0.04669223336378572,0.30000000000000004
32,0.9,SW:fixed1,M1,10.0,10,-2.185331905453461,-4.5451615468847715,-0.016788640110396873,0.30000000000000004
32,0.9,SW:fixed3,M0,10.0,10,0.367862452767551,-0.5483345867466071,1.2050649979564936,0.6
32,0.9,SW:fixed3,M1,10.0,10,-0.904400515469491,-2.623552250581504,0.7556989527552099,0.2
32,0.9,SW:fixed10,M0,10.0,10,1.9251696337222513,0.6432713232576048,3.0126591051914766,0.8
32,0.9,SW:fixed10,M1,10.0,10,0.6529066654852093,-1.1076531572055868,2.6729020832489447,0.5
32,0.9,SW:fixed30,M0,10.0,10,1.739187692126476,0.02654876602287594,3.391616480449797,0.7
32,0.9,SW:fixed30,M1,10.0,10,0.4669247238894341,-1.0537908594656293,1.6339739546701073,0.8
32,0.9,BANDIT:8,M0,10.0,10,3.603496411694958,2.302349798956853,5.012785451702301,1.0
32,0.9,BANDIT:8,M1,10.0,10,2.331233443457916,0.62065656182445,4.119899257347605,0.6
32,0.9,BANDIT2:8,M0,10.0,10,2.2554792583810075,1.3805765425382093,3.142630107189456,1.0
32,0.9,BANDIT2:8,M1,10.0,10,0.9832162901439659,-1.2077133780715865,3.6233445294714386,0.4
32,0.9,M0,M1,30.0,10,-2.427727459081867,-5.137308452238126,0.16901762264721532,0.30000000000000004
32,0.9,M1,M0,30.0,10,2.427727459081867,-0.22979197770071652,5.132961179064414,0.7
32,0.9,CAP:8,M0,30.0,10,2.2955102755984114,0.6613908013997244,3.8132107709585426,0.8
32,0.9,CAP:8,M1,30.0,10,-0.1322171834834558,-2.78885189568782,2.281289170142127,0.6
32,0.9,CAP:16,M0,30.0,10,2.4694275816764155,1.1205067158560502,3.764139027601149,0.9
32,0.9,CAP:16,M1,30.0,10,0.04170012259454858,-3.0994294348441604,3.244489646924521,0.7
32,0.9,SW:fixed1,M0,30.0,10,-0.893100280943225,-1.4814702566730957,-0.3055838901898534,0.1
32,0.9,SW:fixed1,M1,30.0,10,-3.3208277400250923,-5.866622686580966,-0.8143701625847515,0.1
32,0.9,SW:fixed3,M0,30.0,10,-0.5838834892248668,-1.3829701928389673,0.26783669596174137,0.4
32,0.9,SW:fixed3,M1,30.0,10,-3.011610948306734,-5.5467979895353885,-0.5101773227992527,0.1
32,0.9,SW:fixed10,M0,30.0,10,0.4029172717998685,-0.6976935897861062,1.342909801944196,0.7
32,0.9,SW:fixed10,M1,30.0,10,-2.0248101872819984,-4.725202247476274,0.7831435873590998,0.1
32,0.9,SW:fixed30,M0,30.0,10,1.5252233252707936,-0.5912467337748464,3.4676866697543773,0.7
32,0.9,SW:fixed30,M1,30.0,10,-0.9025041338110733,-2.5143933739189666,0.5085994906250599,0.6000000000000001
32,0.9,BANDIT:8,M0,30.0,10,2.8513979149058146,1.660066725163598,4.027265996435132,0.9
32,0.9,BANDIT:8,M1,30.0,10,0.4236704558239476,-1.826699866588242,2.4739698186432215,0.6000000000000001
32,0.9,BANDIT2:8,M0,30.0,10,1.9162932320781656,1.3320550373284148,2.4176025067409594,0.9
32,0.9,BANDIT2:8,M1,30.0,10,-0.5114342270037016,-3.1702298915627476,1.9187005083362014,0.4
32,0.9,M0,M1,60.0,10,-3.000565450063414,-5.024469060139286,-1.105683823009521,0.2
32,0.9,M1,M0,60.0,10,3.000565450063414,1.0792543044055707,5.033256309971199,0.8
32,0.9,CAP:8,M0,60.0,10,2.8441172929475274,1.273834277287126,4.089677216997162,0.9
32,0.9,CAP:8,M1,60.0,10,-0.1564481571158865,-1.7552455137772254,1.3219726543680608,0.5
32,0.9,CAP:16,M0,60.0,10,3.7819070524018694,2.52718662948522,5.030211305738487,1.0
32,0.9,CAP:16,M1,60.0,10,0.7813416023384555,-1.3574292382215043,3.1192142466165524,0.6
32,0.9,SW:fixed1,M0,60.0,10,-1.000329176171256,-1.8464755085529794,-0.19365385414831923,0.30000000000000004
32,0.9,SW:fixed1,M1,60.0,10,-4.00089462623467,-6.371561549887927,-1.7824855066200564,0.1
32,0.9,SW:fixed3,M0,60.0,10,-0.5914547079026893,-1.4861878762357383,0.34788238232874735,0.30000000000000004
32,0.9,SW:fixed3,M1,60.0,10,-3.592020157966103,-6.0967101259943375,-1.3593272539519143,0.1
32,0.9,SW:fixed10,M0,60.0,10,0.3525130088715107,-0.47258102923553247,1.1404431534329575,0.6000000000000001
32,0.9,SW:fixed10,M1,60.0,10,-2.648052441191903,-4.912002048572575,-0.42043917610186715,0.1
32,0.9,SW:fixed30,M0,60.0,10,1.5651687304207897,0.3323808764370633,2.739897577594395,0.7
32,0.9,SW:fixed30,M1,60.0,10,-1.435396719642624,-2.6759638077054224,-0.2951179222249692,0.30000000000000004
32,0.9,BANDIT:8,M0,60.0,10,3.0439131244629363,1.932468713826458,4.106388435696811,0.9
32,0.9,BANDIT:8,M1,60.0,10,0.04334767439952287,-1.9808924317018504,1.9917648727372028,0.5
32,0.9,BANDIT2:8,M0,60.0,10,2.3179982001140154,1.3492356461065185,3.2610148180597784,0.9
32,0.9,BANDIT2:8,M1,60.0,10,-0.6825672499493983,-2.524439279752282,1.1047313872573976,0.6000000000000001
32,0.95,M0,M1,0.0,9,0.0,0.0,0.0,0.0
32,0.95,M1,M0,0.0,9,0.0,0.0,0.0,0.0
32,0.95,CAP:8,M0,0.0,9,0.0,0.0,0.0,0.0
32,0.95,CAP:8,M1,0.0,9,0.0,0.0,0.0,0.0
32,0.95,CAP:16,M0,0.0,9,0.0,0.0,0.0,0.0
32,0.95,CAP:16,M1,0.0,9,0.0,0.0,0.0,0.0
32,0.95,SW:fixed1,M0,0.0,9,0.0,0.0,0.0,0.0
32,0.95,SW:fixed1,M1,0.0,9,0.0,0.0,0.0,0.0
32,0.95,SW:fixed3,M0,0.0,9,0.0,0.0,0.0,0.0
32,0.95,SW:fixed3,M1,0.0,9,0.0,0.0,0.0,0.0
32,0.95,SW:fixed10,M0,0.0,9,0.0,0.0,0.0,0.0
32,0.95,SW:fixed10,M1,0.0,9,0.0,0.0,0.0,0.0
32,0.95,SW:fixed30,M0,0.0,9,0.0,0.0,0.0,0.0
32,0.95,SW:fixed30,M1,0.0,9,0.0,0.0,0.0,0.0
32,0.95,BANDIT:8,M0,0.0,9,0.0,0.0,0.0,0.0
32,0.95,BANDIT:8,M1,0.0,9,0.0,0.0,0.0,0.0
32,0.95,BANDIT2:8,M0,0.0,9,0.0,0.0,0.0,0.0
32,0.95,BANDIT2:8,M1,0.0,9,0.0,0.0,0.0,0.0
32,0.95,M0,M1,0.1,9,-1.5721909031888965,-5.449135784965468,2.236602560924783,0.55
32,0.95,M1,M0,0.1,9,1.5721909031888965,-2.2647161110378913,5.352930625719645,0.45
32,0.95,CAP:8,M0,0.1,9,2.119634743103179,-1.0835030186744246,5.351572110458874,0.65
32,0.95,CAP:8,M1,0.1,9,0.5474438399142822,-0.3893155811862286,1.5508585655031515,0.425
32,0.95,CAP:16,M0,0.1,9,1.984690949211983,-1.6206827066554281,5.359771030506235,0.65
32,0.95,CAP:16,M1,0.1,9,0.41250004602308654,-0.5325731913254541,1.323908853315013,0.4
32,0.95,SW:fixed1,M0,0.1,9,1.6713158881635253,-2.1136549060407908,5.581399234678817,0.45
32,0.95,SW:fixed1,M1,0.1,9,0.09912498497462885,-0.15434150213872933,0.49713435578662024,0.125
32,0.95,SW:fixed3,M0,0.1,9,1.59815544394255,-2.0651880889350487,5.4109085503660985,0.45
32,0.95,SW:fixed3,M1,0.1,9,0.0259645407536536,-0.027381904074043728,0.09611431040711564,0.225
32,0.95,SW:fixed10,M0,0.1,9,1.652423823464435,-1.9234665749748956,5.328762996648276,0.45
32,0.95,SW:fixed10,M1,0.1,9,0.0802329202755387,-0.1676921302624966,0.355384323974515,0.325
32,0.95,SW:fixed30,M0,0.1,9,2.255018213298385,-0.9015121098180228,5.46427439374628,0.675
32,0.95,SW:fixed30,M1,0.1,9,0.6828273101094879,-0.04177989700950563,1.3803537142190165,0.575
32,0.95,BANDIT:8,M0,0.1,9,1.7436658936456477,-2.0002737869840486,5.383308753983572,0.45
32,0.95,BANDIT:8,M1,0.1,9,0.1714749904567513,-0.28112019118300946,0.6961148317457686,0.35
32,0.95,BANDIT2:8,M0,0.1,9,1.916723931583893,-1.7391113541090497,5.638941483359347,0.55
32,0.95,BANDIT2:8,M1,0.1,9,0.3445330283949965,-0.15995442802003854,0.9315492764377293,0.2
32,0.95,M0,M1,0.3,9,0.7029310676462746,-1.3099637470832737,2.204538203173196,0.65
32,0.95,M1,M0,0.3,9,-0.7029310676462746,-2.2139057151806676,1.2020983073639715,0.35
32,0.95,CAP:8,M0,0.3,9,-0.3598304746286415,-1.961886032341896,1.274423629079494,0.425
32,0.95,CAP:8,M1,0.3,9,0.34310059301763307,-0.7312469657124392,1.3961045265894096,0.525
32,0.95,CAP:16,M0,0.3,9,-0.7535341322455087,-3.2825592874436977,1.4489877218741716,0.55
32,0.95,CAP:16,M1,0.3,9,-0.05060306459923425,-1.7134953520874077,1.3884045885112255,0.425
32,0.95,SW:fixed1,M0,0.3,9,-1.7667281267675572,-3.799145992854034,0.2334956255212324,0.225
32,0.95,SW:fixed1,M1,0.3,9,-1.0637970591212824,-2.171237275563137,-0.08815896877882828,0.225
32,0.95,SW:fixed3,M0,0.3,9,-0.44930669085393515,-2.4989382390129147,1.639643073895262,0.35
32,0.95,SW:fixed3,M1,0.3,9,0.25362437679233946,-0.9399522487971792,1.3625798055294855,0.675
32,0.95,SW:fixed10,M0,0.3,9,-0.5308837310152995,-1.9034783639806894,0.8903952099078374,0.325
32,0.95,SW:fixed10,M1,0.3,9,0.1720473366309751,-0.8190424274818737,1.2728573451619358,0.575
32,0.95,SW:fixed30,M0,0.3,9,0.31069563151451035,-1.2811574975183195,2.2459720180501175,0.575
32,0.95,SW:fixed30,M1,0.3,9,1.013626699160785,-0.1933621386593957,2.0952372386113898,0.775
32,0.95,BANDIT:8,M0,0.3,9,-1.5470386629447255,-3.3864614741566297,0.2775765202965248,0.2
32,0.95,BANDIT:8,M1,0.3,9,-0.8441075952984507,-1.9064608840723896,0.35444635718150624,0.325
32,0.95,BANDIT2:8,M0,0.3,9,0.1249548377015317,-1.2888924224028762,1.305916428442424,0.5
32,0.95,BANDIT2:8,M1,0.3,9,0.827885905347806,-0.8132517493092892,2.3543815170423743,0.525
32,0.95,M0,M1,1.0,9,0.8014139644169505,-1.6130761657186419,3.0097478890957508,0.55
32,0.95,M1,M0,1.0,9,-0.8014139644169505,-3.039089897994524,1.6676940607150015,0.45
32,0.95,CAP:8,M0,1.0,9,0.11137245584415556,-2.1036174043717377,2.455021359704247,0.55
32,0.95,CAP:8,M1,1.0,9,0.9127864202611057,0.32015381860747294,1.4793406539468792,0.75
32,0.95,CAP:16,M0,1.0,9,-0.8739040586382953,-3.4277431030545937,1.8571378800411675,0.325
32,0.95,CAP:16,M1,1.0,9,-0.07249009422134489,-1.1886708612220729,0.8878599945362943,0.4
32,0.95,SW:fixed1,M0,1.0,9,-1.6784128163466439,-4.330360022396169,1.1781288636097549,0.45
32,0.95,SW:fixed1,M1,1.0,9,-0.8769988519296935,-2.2081356955265643,0.23268142312896936,0.35
32,0.95,SW:fixed3,M0,1.0,9,0.04185554436047996,-1.8010144114470603,2.129096750909323,0.45
32,0.95,SW:fixed3,M1,1.0,9,0.8432695087774303,-0.42620771635379584,2.297185784375516,0.675
32,0.95,SW:fixed10,M0,1.0,9,-0.3921134350588663,-2.1308652051103585,1.6021428268813298,0.45
32,0.95,SW:fixed10,M1,1.0,9,0.4093005293580841,-0.5439158633921235,1.4400415131788367,0.675
32,0.95,SW:fixed30,M0,1.0,9,-0.415474574115369,-2.8709337475625056,2.1560878302037896,0.45
32,0.95,SW:fixed30,M1,1.0,9,0.3859393903015814,-0.9694349593961951,1.757770731716677,0.55
32,0.95,BANDIT:8,M0,1.0,9,0.17491156607544586,-2.5732238351189194,2.76586241993293,0.575
32,0.95,BANDIT:8,M1,1.0,9,0.9763255304923962,-0.35008141834857864,2.370231216928732,0.65
32,0.95,BANDIT2:8,M0,1.0,9,1.7315732274953768,-1.5037189576933325,5.492293786177921,0.65
32,0.95,BANDIT2:8,M1,1.0,9,2.5329871919123272,-0.9313903486651924,7.30689947769522,0.525
32,0.95,M0,M1,3.0,9,-0.2633643331915022,-2.9000602982907613,1.8640293977376168,0.65
32,0.95,M1,M0,3.0,9,0.2633643331915022,-1.8904342248132766,2.85623577783116,0.35
32,0.95,CAP:8,M0,3.0,9,0.21574599591634658,-2.0016709413235634,2.653134016154649,0.425
32,0.95,CAP:8,M1,3.0,9,-0.04761833727515566,-1.3459928321012882,1.0548731902554325,0.55
32,0.95,CAP:16,M0,3.0,9,0.97129479354219,-1.3004335071458935,3.5760126461940955,0.575
32,0.95,CAP:16,M1,3.0,9,0.707930460350688,-0.4122990390832326,1.7028661514277021,0.775
32,0.95,SW:fixed1,M0,3.0,9,0.7183080758823283,-0.7898426987218531,2.222798628094572,0.675
32,0.95,SW:fixed1,M1,3.0,9,0.45494374269082616,-1.0598148588589806,2.0289790848719353,0.425
32,0.95,SW:fixed3,M0,3.0,9,2.0238430943502155,0.01645924193576284,4.2362959398379605,0.675
32,0.95,SW:fixed3,M1,3.0,9,1.760478761158713,0.5129232978225469,3.005312844514708,0.675
32,0.95,SW:fixed10,M0,3.0,9,1.0982737077695408,-1.0440366149577798,3.557147903491178,0.575
32,0.95,SW:fixed10,M1,3.0,9,0.8349093745780388,0.007175178430083565,1.7013918377583832,0.8
32,0.95,SW:fixed30,M0,3.0,9,1.5402699160593771,-1.3558403055251798,4.478559307537583,0.55
32,0.95,SW:fixed30,M1,3.0,9,1.2769055828678748,0.09645438898474006,2.467888622140681,0.675
32,0.95,BANDIT:8,M0,3.0,9,3.113468134572775,1.1444851937863716,5.076700812668985,0.8
32,0.95,BANDIT:8,M1,3.0,9,2.8501038013812727,1.202927342470804,4.590433082783504,0.8
32,0.95,BANDIT2:8,M0,3.0,9,2.926328436069375,0.10491010499574216,6.356097273252515,0.875
32,0.95,BANDIT2:8,M1,3.0,9,2.662964102877873,-0.24613787693508823,6.548422799917426,0.525
32,0.95,M0,M1,10.0,9,0.14234857632698633,-2.268968878334902,2.695477281209853,0.45
32,0.95,M1,M0,10.0,9,-0.14234857632698633,-2.678074338936267,2.3933771862822946,0.55
32,0.95,CAP:8,M0,10.0,9,-1.1118515763656895,-3.3442384756008474,1.0383219855013497,0.325
32,0.95,CAP:8,M1,10.0,9,-0.9695030000387033,-2.3433186118081077,0.23648862191039846,0.55
32,0.95,CAP:16,M0,10.0,9,-0.9084410464986878,-3.371093855369895,1.5154089625906595,0.35
32,0.95,CAP:16,M1,10.0,9,-0.7660924701717015,-1.8079409774220532,0.1721790444296178,0.475
32,0.95,SW:fixed1,M0,10.0,9,1.0983152868362245,-0.3985059427855878,2.6153644722970126,0.575
32,0.95,SW:fixed1,M1,10.0,9,1.2406638631632108,-1.5697432060629115,4.2193693955218645,0.575
32,0.95,SW:fixed3,M0,10.0,9,0.7431787941840483,-0.48598322356387735,1.9618682155407248,0.475
32,0.95,SW:fixed3,M1,10.0,9,0.8855273705110346,-1.48860837418099,3.354528058093095,0.575
32,0.95,SW:fixed10,M0,10.0,9,0.6417078213773372,-1.577848544398534,2.670771070350837,0.675
32,0.95,SW:fixed10,M1,10.0,9,0.7840563977043236,-0.8251573185880314,2.811738360847254,0.45
32,0.95,SW:fixed30,M0,10.0,9,0.5536509575101047,-3.2531661068416655,4.0366583388611055,0.55
32,0.95,SW:fixed30,M1,10.0,9,0.695999533837091,-1.54855494129768,2.530233608486311,0.55
32,0.95,BANDIT:8,M0,10.0,9,2.7573505783466983,2.034302639409656,3.516704244779779,0.8
32,0.95,BANDIT:8,M1,10.0,9,2.8996991546736846,0.9461385484243403,4.887304869576342,0.7
32,0.95,BANDIT2:8,M0,10.0,9,2.352803361110509,-0.8601946479311066,5.713581341094992,0.675
32,0.95,BANDIT2:8,M1,10.0,9,2.495151937437495,-1.0896536108955714,7.695811805618345,0.45
32,0.95,M0,M1,30.0,9,0.6525609884538236,-2.551663842057997,3.9062202669494006,0.35
32,0.95,M1,M0,30.0,9,-0.6525609884538236,-3.7619772189034344,2.529357009587701,0.65
32,0.95,CAP:8,M0,30.0,9,-1.6210957854948194,-4.747898022257468,1.3800960475382693,0.525
32,0.95,CAP:8,M1,30.0,9,-0.9685347970409959,-2.4750562450065203,0.3609571452101205,0.45
32,0.95,CAP:16,M0,30.0,9,0.09852827547533127,-2.584019913586267,2.629054759291652,0.65
32,0.95,CAP:16,M1,30.0,9,0.7510892639291549,-1.155217012461443,3.090724660514268,0.675
32,0.95,SW:fixed1,M0,30.0,9,0.7966035246841775,-0.3305759918086885,1.917399474972882,0.475
32,0.95,SW:fixed1,M1,30.0,9,1.4491645131380009,-2.137359086032779,4.938914265833055,0.575
32,0.95,SW:fixed3,M0,30.0,9,-0.4166137796911233,-2.2905220890131157,1.470738615452567,0.35
32,0.95,SW:fixed3,M1,30.0,9,0.23594720876270037,-2.9248186645409464,4.408191343015166,0.25
32,0.95,SW:fixed10,M0,30.0,9,-0.8241692596059946,-2.285481258161976,0.5702860198136124,0.55
32,0.95,SW:fixed10,M1,30.0,9,-0.17160827115217103,-2.194063635501995,1.8878739697363724,0.35
32,0.95,SW:fixed30,M0,30.0,9,1.1581388488362532,-2.151220705951813,4.210454033687734,0.65
32,0.95,SW:fixed30,M1,30.0,9,1.8106998372900767,-0.25658600731610803,3.7337985163828336,0.9
32,0.95,BANDIT:8,M0,30.0,9,2.355253829589146,1.6177304653274727,3.0358106529731086,0.9
32,0.95,BANDIT:8,M1,30.0,9,3.00781481804297,-0.03924240251872464,5.921334363381295,0.575
32,0.95,BANDIT2:8,M0,30.0,9,2.5627470730355046,1.0930047383847157,4.240445209111951,0.8
32,0.95,BANDIT2:8,M1,30.0,9,3.2153080614893286,-0.402413902002274,7.226900245499812,0.575
32,0.95,M0,M1,60.0,9,0.44298417385495337,-2.2371140132144456,3.0214262405300736,0.45
32,0.95,M1,M0,60.0,9,-0.44298417385495337,-2.988799938085457,2.1809945210234445,0.55
32,0.95,CAP:8,M0,60.0,9,0.3825740736100929,-1.6868497103514897,2.1806806262261116,0.65
32,0.95,CAP:8,M1,60.0,9,0.8255582474650461,-1.8972076331072163,3.814596958133959,0.775
32,0.95,CAP:16,M0,60.0,9,-0.6388160908453107,-3.7686280497182016,2.403140908367348,0.55
32,0.95,CAP:16,M1,60.0,9,-0.1958319169903573,-1.6330816580299983,1.1229956696041485,0.675
32,0.95,SW:fixed1,M0,60.0,9,0.6768817927550577,-0.35574149774060454,1.6995237954201057,0.475
32,0.95,SW:fixed1,M1,60.0,9,1.119865966610011,-1.000939057338852,3.145642390732791,0.475
32,0.95,SW:fixed3,M0,60.0,9,-0.6739207834646823,-2.2693621877352625,0.8744359152141561,0.35
32,0.95,SW:fixed3,M1,60.0,9,-0.23093660960972895,-2.180201656436044,1.9522626927204685,0.35
32,0.95,SW:fixed10,M0,60.0,9,-0.1546477355281394,-3.003513837879258,2.152082578290084,0.55
32,0.95,SW:fixed10,M1,60.0,9,0.2883364383268139,-2.3854057365863026,4.102358933569656,0.325
32,0.95,SW:fixed30,M0,60.0,9,1.9751096667836694,-1.0610942410425483,4.4095450855374425,0.875
32,0.95,SW:fixed30,M1,60.0,9,2.4180938406386225,0.4136666175164696,4.423321994558932,0.775
32,0.95,BANDIT:8,M0,60.0,9,1.9470024784080084,-0.30645853836638914,3.8247182475762327,0.775
32,0.95,BANDIT:8,M1,60.0,9,2.389986652262962,0.11843029263713477,5.693526967103144,0.675
32,0.95,BANDIT2:8,M0,60.0,9,2.6352717468859206,1.7779006439465508,3.6045484404610924,1.0
32,0.95,BANDIT2:8,M1,60.0,9,3.0782559207408737,0.5436135924331641,5.36268227951513,0.675
64,0.9,M0,M1,0.0,10,0.0,0.0,0.0,0.0
64,0.9,M1,M0,0.0,10,0.0,0.0,0.0,0.0
64,0.9,CAP:8,M0,0.0,10,0.0,0.0,0.0,0.0
64,0.9,CAP:8,M1,0.0,10,0.0,0.0,0.0,0.0
64,0.9,CAP:16,M0,0.0,10,0.0,0.0,0.0,0.0
64,0.9,CAP:16,M1,0.0,10,0.0,0.0,0.0,0.0
64,0.9,SW:fixed1,M0,0.0,10,0.0,0.0,0.0,0.0
64,0.9,SW:fixed1,M1,0.0,10,0.0,0.0,0.0,0.0
64,0.9,SW:fixed3,M0,0.0,10,0.0,0.0,0.0,0.0
64,0.9,SW:fixed3,M1,0.0,10,0.0,0.0,0.0,0.0
64,0.9,SW:fixed10,M0,0.0,10,0.0,0.0,0.0,0.0
64,0.9,SW:fixed10,M1,0.0,10,0.0,0.0,0.0,0.0
64,0.9,SW:fixed30,M0,0.0,10,0.0,0.0,0.0,0.0
64,0.9,SW:fixed30,M1,0.0,10,0.0,0.0,0.0,0.0
64,0.9,BANDIT:8,M0,0.0,10,0.0,0.0,0.0,0.0
64,0.9,BANDIT:8,M1,0.0,10,0.0,0.0,0.0,0.0
64,0.9,BANDIT2:8,M0,0.0,10,0.0,0.0,0.0,0.0
64,0.9,BANDIT2:8,M1,0.0,10,0.0,0.0,0.0,0.0
64,0.9,M0,M1,0.1,10,-0.6249746491434318,-2.217350221630488,0.833000849025639,0.5
64,0.9,M1,M0,0.1,10,0.6249746491434318,-0.9087538322863316,2.185385046575705,0.5
64,0.9,CAP:8,M0,0.1,10,-0.4292293025921724,-1.6690393093039175,0.7535722227600585,0.5
64,0.9,CAP:8,M1,0.1,10,-1.0542039517356043,-1.8648760225025225,-0.187200740837136,0.2
64,0.9,CAP:16,M0,0.1,10,-0.23921074845757528,-1.4115485574417006,0.8265471036301829,0.5
64,0.9,CAP:16,M1,0.1,10,-0.8641853976010071,-1.7204345449172058,0.032344503571431926,0.2
64,0.9,SW:fixed1,M0,0.1,10,0.6404397634557234,-0.8217436906055524,2.169089193322237,0.5
64,0.9,SW:fixed1,M1,0.1,10,0.015465114312291472,0.0,0.04639534293687442,0.1
64,0.9,SW:fixed3,M0,0.1,10,0.381739258872872,-1.1401109962083968,1.9803278533811812,0.5
64,0.9,SW:fixed3,M1,0.1,10,-0.2432353902705598,-0.5512109060683001,0.015465114312291472,0.1
64,0.9,SW:fixed10,M0,0.1,10,0.5024377181144276,-1.0173660277453425,2.1127072838440646,0.5
64,0.9,SW:fixed10,M1,0.1,10,-0.12253693102900413,-0.3676107930870124,0.0,0.0
64,0.9,SW:fixed30,M0,0.1,10,0.5024377181144276,-1.0429007442945117,2.1303065879665013,0.5
64,0.9,SW:fixed30,M1,0.1,10,-0.12253693102900413,-0.3676107930870124,0.0,0.0
64,0.9,BANDIT:8,M0,0.1,10,0.5332390440148622,-0.9177657347855218,2.0636744835284357,0.5
64,0.9,BANDIT:8,M1,0.1,10,-0.09173560512856964,-0.3216021583225833,0.04639534293687442,0.1
64,0.9,BANDIT2:8,M0,0.1,10,0.5177739297025707,-0.8652219606493703,2.0515383729610046,0.5
64,0.9,BANDIT2:8,M1,0.1,10,-0.10720071944086111,-0.3216021583225833,0.0,0.0
64,0.9,M0,M1,0.3,10,0.034758252661438865,-0.9586274078162361,0.9663853768491266,0.5
64,0.9,M1,M0,0.3,10,-0.034758252661438865,-0.969654064171578,0.9648056600963932,0.5
64,0.9,CAP:8,M0,0.3,10,0.3226089670629688,-1.5489250221413766,2.2198889801047565,0.5
64,0.9,CAP:8,M1,0.3,10,0.35736721972440777,-0.9170350770513895,1.5117753873376267,0.5
64,0.9,CAP:16,M0,0.3,10,-0.410404128020736,-2.4012064447965358,1.8575140157794237,0.4
64,0.9,CAP:16,M1,0.3,10,-0.37564587535929717,-2.178535207449152,1.4098045322243051,0.4
64,0.9,SW:fixed1,M0,0.3,10,0.05807809388286139,-0.9142691316105986,1.078019222427359,0.5
64,0.9,SW:fixed1,M1,0.3,10,0.09283634654430023,0.0,0.2555409691385688,0.2
64,0.9,SW:fixed3,M0,0.3,10,0.11768428211718651,-0.9303771858292406,1.2331960575440737,0.4
64,0.9,SW:fixed3,M1,0.3,10,0.1524425347786254,-0.11367211355147973,0.6278357746630958,0.1
64,0.9,SW:fixed10,M0,0.3,10,-0.09159430943717874,-1.0155938720855897,0.8795946936449216,0.4
64,0.9,SW:fixed10,M1,0.3,10,-0.056836056775739864,-0.1705081703272196,0.0,0.0
64,0.9,SW:fixed30,M0,0.3,10,0.02552353410050276,-0.9773567552288794,1.0497894466824211,0.4
64,0.9,SW:fixed30,M1,0.3,10,0.06028178676194162,-0.11367211355147973,0.2886907125480922,0.2
64,0.9,BANDIT:8,M0,0.3,10,0.02931887230725838,-0.9309085853280352,1.0791644415634076,0.5
64,0.9,BANDIT:8,M1,0.3,10,0.06407712496869725,-0.09840896089556637,0.22389070626648894,0.3
64,0.9,BANDIT2:8,M0,0.3,10,-0.09159430943717874,-0.985409448710397,0.887823267509989,0.4
64,0.9,BANDIT2:8,M1,0.3,10,-0.056836056775739864,-0.1705081703272196,0.0,0.0
64,0.9,M0,M1,1.0,10,6.798242583719739,3.542994756506092,10.480678742220803,1.0
64,0.9,M1,M0,1.0,10,-6.798242583719739,-10.485075009517006,-3.571610955287715,0.0
64,0.9,CAP:8,M0,1.0,10,-6.0568174584524375,-10.129438463235916,-2.7381136796720376,0.1
64,0.9,CAP:8,M1,1.0,10,0.7414251252673016,-0.6645174346119155,2.1017045440652993,0.6000000000000001
64,0.9,CAP:16,M0,1.0,10,-5.775577044844878,-10.330483677460748,-2.4273163380267357,0.1
64,0.9,CAP:16,M1,1.0,10,1.0226655388748607,-0.5684177841406162,2.481236358624367,0.6000000000000001
64,0.9,SW:fixed1,M0,1.0,10,-6.931873718653555,-10.623244320302936,-3.7421293803032665,0.0
64,0.9,SW:fixed1,M1,1.0,10,-0.13363113493381584,-0.5920086366485864,0.23669712402802232,0.2
64,0.9,SW:fixed3,M0,1.0,10,-6.85388417396631,-10.997603177652405,-3.4918683028730086,0.0
64,0.9,SW:fixed3,M1,1.0,10,-0.05564159024657088,-0.6751822256496902,0.5187466904340171,0.30000000000000004
64,0.9,SW:fixed10,M0,1.0,10,-6.754371140298867,-10.592668988170486,-3.4369055969825277,0.0
64,0.9,SW:fixed10,M1,1.0,10,0.04387144342087257,-1.749169446951714,1.645239558835284,0.6000000000000001
64,0.9,SW:fixed30,M0,1.0,10,-7.085882958512161,-11.485673972633313,-3.2821096655694824,0.0
64,0.9,SW:fixed30,M1,1.0,10,-0.2876403747924222,-1.364207028032395,0.6656696475024649,0.4
64,0.9,BANDIT:8,M0,1.0,10,-6.753593754354743,-10.216580805125727,-3.6598481006896013,0.0
64,0.9,BANDIT:8,M1,1.0,10,0.044648829364995146,-1.1525937038631189,1.1804520215033352,0.4
64,0.9,BANDIT2:8,M0,1.0,10,-4.083297563546769,-5.737100166847244,-2.539718593915131,0.0
64,0.9,BANDIT2:8,M1,1.0,10,2.7149450201729692,0.5851132152568209,5.432270008945541,0.6
64,0.9,M0,M1,3.0,10,5.280331047613337,2.9653076406561087,8.359267377610418,0.9
64,0.9,M1,M0,3.0,10,-5.280331047613337,-8.432005235274426,-2.9475209819981845,0.1
64,0.9,CAP:8,M0,3.0,10,-6.771044986933852,-10.836143490555921,-3.280927719987251,0.2
64,0.9,CAP:8,M1,3.0,10,-1.4907139393205147,-3.773098265142751,0.775266903817667,0.30000000000000004
64,0.9,CAP:16,M0,3.0,10,-5.199563155625261,-7.919096701765788,-2.703080902107076,0.1
64,0.9,CAP:16,M1,3.0,10,0.08076789198807577,-1.7372270443475222,1.840897332603659,0.5
64,0.9,SW:fixed1,M0,3.0,10,-1.0449137531248467,-2.5706750631409134,0.5418665439396351,0.30000000000000004
64,0.9,SW:fixed1,M1,3.0,10,4.23541729448849,0.9761949643465635,8.624987667708588,0.7
64,0.9,SW:fixed3,M0,3.0,10,-7.077972252912252,-11.559273209433998,-3.7827623392960676,0.0
64,0.9,SW:fixed3,M1,3.0,10,-1.7976412052989161,-3.9399184865567176,0.09990983049276142,0.4
64,0.9,SW:fixed10,M0,3.0,10,-7.075291562661441,-10.2621416581037,-4.153930243753978,0.0
64,0.9,SW:fixed10,M1,3.0,10,-1.7949605150481047,-4.304742665665834,0.5225698639629102,0.5
64,0.9,SW:fixed30,M0,3.0,10,-6.864109634307223,-10.155579854725083,-3.9083244551433376,0.1
64,0.9,SW:fixed30,M1,3.0,10,-1.5837785866938865,-3.452854702804203,0.21829913316902144,0.5
64,0.9,BANDIT:8,M0,3.0,10,-1.5266463720712342,-2.5018180945831414,-0.619443245959981,0.3
64,0.9,BANDIT:8,M1,3.0,10,3.753684675542102,1.6369348170234448,6.301604632027166,0.9
64,0.9,BANDIT2:8,M0,3.0,10,-2.6598799940938216,-3.8817521757705187,-1.1592103013823833,0.1
64,0.9,BANDIT2:8,M1,3.0,10,2.6204510535195147,-0.5212962163052555,7.114025675135797,0.6
64,0.9,M0,M1,10.0,10,3.718036205681627,1.8404946112869205,6.172410795794825,0.9
64,0.9,M1,M0,10.0,10,-3.718036205681627,-6.07252166574425,-1.7652431327695446,0.1
64,0.9,CAP:8,M0,10.0,10,-5.284088507083014,-8.43930024808137,-2.4632529878684073,0.1
64,0.9,CAP:8,M1,10.0,10,-1.5660523014013872,-2.733436613588807,-0.37794597702461785,0.30000000000000004
64,0.9,CAP:16,M0,10.0,10,-3.8107114037122702,-5.816825589648015,-1.8223508976975216,0.2
64,0.9,CAP:16,M1,10.0,10,-0.09267519803064345,-1.5529642002149513,1.3660632824024985,0.5
64,0.9,SW:fixed1,M0,10.0,10,0.0588111523040008,-0.7124907835219069,0.8226116689712201,0.6000000000000001
64,0.9,SW:fixed1,M1,10.0,10,3.7768473579856274,1.6851347917479627,6.689655363547389,0.9
64,0.9,SW:fixed3,M0,10.0,10,0.10603868075934064,-0.8964816327295579,1.1764315993758594,0.4
64,0.9,SW:fixed3,M1,10.0,10,3.8240748864409673,1.642213975758442,6.488015975236965,0.8
64,0.9,SW:fixed10,M0,10.0,10,-5.441641133103655,-9.107441540837835,-2.472681297749341,0.0
64,0.9,SW:fixed10,M1,10.0,10,-1.723604927422027,-3.4802854416130065,-0.14308940285437663,0.5
64,0.9,SW:fixed30,M0,10.0,10,-5.792013597107636,-9.5494516188626,-3.0112473162087796,0.1
64,0.9,SW:fixed30,M1,10.0,10,-2.07397739142601,-3.379813156324187,-1.1155452672305874,0.0
64,0.9,BANDIT:8,M0,10.0,10,-0.31209693703220603,-0.9879636025814746,0.36633706046185466,0.4
64,0.9,BANDIT:8,M1,10.0,10,3.4059392686494205,1.5649472085595089,5.978358939134485,0.9
64,0.9,BANDIT2:8,M0,10.0,10,-0.6615242066699238,-1.570839078305381,0.26262291848584474,0.30000000000000004
64,0.9,BANDIT2:8,M1,10.0,10,3.0565119990117022,1.0574639155687657,5.754099906013459,0.8
64,0.9,M0,M1,30.0,10,2.6686546068812875,1.203297522147749,4.228816589416027,0.8
64,0.9,M1,M0,30.0,10,-2.6686546068812875,-4.292671986660768,-1.178848582391278,0.2
64,0.9,CAP:8,M0,30.0,10,-3.573592069099325,-7.206263467831192,-0.8790757476785676,0.2
64,0.9,CAP:8,M1,30.0,10,-0.9049374622180374,-3.2933736764341366,0.9435288754623714,0.5
64,0.9,CAP:16,M0,30.0,10,-2.3777403573101363,-4.351862809780853,-0.7184040287670868,0.2
64,0.9,CAP:16,M1,30.0,10,0.29091424957115064,-0.9527335392421539,1.5061807143005543,0.5
64,0.9,SW:fixed1,M0,30.0,10,0.46402129956510335,-0.13428251014171044,1.0538079942829228,0.6000000000000001
64,0.9,SW:fixed1,M1,30.0,10,3.1326759064463907,1.7336609801845144,4.750415870055442,1.0
64,0.9,SW:fixed3,M0,30.0,10,0.72996846260924,0.02845544272762765,1.5310097508669516,0.7
64,0.9,SW:fixed3,M1,30.0,10,3.3986230694905277,1.7087207063944463,5.235732071249853,0.8
64,0.9,SW:fixed10,M0,30.0,10,-0.3053273086760425,-0.8632270022175331,0.2628658106432217,0.4
64,0.9,SW:fixed10,M1,30.0,10,2.363327298205245,1.0734518988601705,3.759022242094287,0.8
64,0.9,SW:fixed30,M0,30.0,10,-3.735228635746831,-7.024657249687672,-1.3745806832019936,0.1
64,0.9,SW:fixed30,M1,30.0,10,-1.0665740288655434,-3.038627227260579,0.48204041023174415,0.2
64,0.9,BANDIT:8,M0,30.0,10,-0.16970307915215505,-0.8537761071262482,0.46513372803200886,0.5
64,0.9,BANDIT:8,M1,30.0,10,2.4989515277291323,1.6036177205925248,3.6986081505652133,1.0
64,0.9,BANDIT2:8,M0,30.0,10,0.6020607150242631,-0.35185035271249754,1.5322489241051396,0.7
64,0.9,BANDIT2:8,M1,30.0,10,3.2707153219055503,1.6581428476771078,5.028588217036225,1.0
64,0.9,M0,M1,60.0,10,2.9296217073705573,1.1157561761084918,5.073010810396136,0.8
64,0.9,M1,M0,60.0,10,-2.9296217073705573,-5.0793620790794805,-1.1389440174431007,0.2
64,0.9,CAP:8,M0,60.0,10,-2.420514907852894,-5.056827297562623,-0.31325483207027943,0.3
64,0.9,CAP:8,M1,60.0,10,0.5091067995176635,-1.11056931453582,2.0032199912244777,0.6000000000000001
64,0.9,CAP:16,M0,60.0,10,-1.567594102765327,-3.804906658220536,0.3025721058610883,0.4
64,0.9,CAP:16,M1,60.0,10,1.3620276046052306,-0.06568652438925841,2.928513667538862,0.7
64,0.9,SW:fixed1,M0,60.0,10,-0.045086450213333296,-1.0505208838644917,0.7822999164399412,0.6000000000000001
64,0.9,SW:fixed1,M1,60.0,10,2.884535257157224,1.575555648581173,4.2870644679201915,1.0
64,0.9,SW:fixed3,M0,60.0,10,0.822382007745272,-0.27343764766272316,1.854012459295291,0.7
64,0.9,SW:fixed3,M1,60.0,10,3.75200371511583,1.9163663156140969,5.72804052550947,0.8
64,0.9,SW:fixed10,M0,60.0,10,0.717424570782352,-0.4448654165036126,2.210864492714731,0.5
64,0.9,SW:fixed10,M1,60.0,10,3.64704627815291,1.4180181564095176,6.311140415830549,0.9
64,0.9,SW:fixed30,M0,60.0,10,-0.5018948275712569,-1.364659893207579,0.3140706790476153,0.4
64,0.9,SW:fixed30,M1,60.0,10,2.427726879799301,0.6488289743053552,4.450302439430151,0.7
64,0.9,BANDIT:8,M0,60.0,10,0.0690668781294077,-1.0115433252536854,0.9668889301151501,0.6000000000000001
64,0.9,BANDIT:8,M1,60.0,10,2.9986885854999654,1.8457395297295145,4.271917065399567,1.0
64,0.9,BANDIT2:8,M0,60.0,10,0.9170854953260614,-0.07363579154831201,1.7981672782821627,0.8
64,0.9,BANDIT2:8,M1,60.0,10,3.846707202696619,1.9698326900172034,5.809810089556938,1.0
64,0.95,M0,M1,0.0,10,0.0,0.0,0.0,0.0
64,0.95,M1,M0,0.0,10,0.0,0.0,0.0,0.0
64,0.95,CAP:8,M0,0.0,10,0.0,0.0,0.0,0.0
64,0.95,CAP:8,M1,0.0,10,0.0,0.0,0.0,0.0
64,0.95,CAP:16,M0,0.0,10,0.0,0.0,0.0,0.0
64,0.95,CAP:16,M1,0.0,10,0.0,0.0,0.0,0.0
64,0.95,SW:fixed1,M0,0.0,10,0.0,0.0,0.0,0.0
64,0.95,SW:fixed1,M1,0.0,10,0.0,0.0,0.0,0.0
64,0.95,SW:fixed3,M0,0.0,10,0.0,0.0,0.0,0.0
64,0.95,SW:fixed3,M1,0.0,10,0.0,0.0,0.0,0.0
64,0.95,SW:fixed10,M0,0.0,10,0.0,0.0,0.0,0.0
64,0.95,SW:fixed10,M1,0.0,10,0.0,0.0,0.0,0.0
64,0.95,SW:fixed30,M0,0.0,10,0.0,0.0,0.0,0.0
64,0.95,SW:fixed30,M1,0.0,10,0.0,0.0,0.0,0.0
64,0.95,BANDIT:8,M0,0.0,10,0.0,0.0,0.0,0.0
64,0.95,BANDIT:8,M1,0.0,10,0.0,0.0,0.0,0.0
64,0.95,BANDIT2:8,M0,0.0,10,0.0,0.0,0.0,0.0
64,0.95,BANDIT2:8,M1,0.0,10,0.0,0.0,0.0,0.0
64,0.95,M0,M1,0.1,10,-0.4235336916316084,-1.1925559424633134,0.48496550720723697,0.2
64,0.95,M1,M0,0.1,10,0.4235336916316084,-0.45820565811582453,1.2089109112308054,0.7
64,0.95,CAP:8,M0,0.1,10,0.9173292687499981,-0.2862263884547386,2.259879839813474,0.6000000000000001
64,0.95,CAP:8,M1,0.1,10,0.49379557711838956,-0.445813932256278,1.4437349048091326,0.4
64,0.95,CAP:16,M0,0.1,10,0.9908294826830087,-0.3047531746016763,2.273119964283685,0.6000000000000001
64,0.95,CAP:16,M1,0.1,10,0.5672957910514003,-0.05770133406972504,1.325178406581184,0.5
64,0.95,SW:fixed1,M0,0.1,10,0.4235336916316084,-0.5075734310517439,1.1955340557964313,0.7
64,0.95,SW:fixed1,M1,0.1,10,0.0,0.0,0.0,0.0
64,0.95,SW:fixed3,M0,0.1,10,0.4235336916316084,-0.495205768483062,1.2078500672758647,0.7
64,0.95,SW:fixed3,M1,0.1,10,0.0,0.0,0.0,0.0
64,0.95,SW:fixed10,M0,0.1,10,0.4235336916316084,-0.5009461272603797,1.2108320557431673,0.7
64,0.95,SW:fixed10,M1,0.1,10,0.0,0.0,0.0,0.0
64,0.95,SW:fixed30,M0,0.1,10,0.4235336916316084,-0.46441973746026965,1.1880786397135137,0.7
64,0.95,SW:fixed30,M1,0.1,10,0.0,0.0,0.0,0.0
64,0.95,BANDIT:8,M0,0.1,10,0.4235336916316084,-0.47893346872379966,1.182761079203647,0.7
64,0.95,BANDIT:8,M1,0.1,10,0.0,0.0,0.0,0.0
64,0.95,BANDIT2:8,M0,0.1,10,0.4235336916316084,-0.5075120450013779,1.204931842450718,0.7
64,0.95,BANDIT2:8,M1,0.1,10,0.0,0.0,0.0,0.0
64,0.95,M0,M1,0.3,10,-3.3523185634093977,-5.349515489837919,-0.7636054026313123,0.1
64,0.95,M1,M0,0.3,10,3.3523185634093977,0.779599185127455,5.39298980002643,0.9
64,0.95,CAP:8,M0,0.3,10,2.46363480058625,-0.7430849868343053,5.315537776804383,0.8
64,0.95,CAP:8,M1,0.3,10,-0.8886837628231472,-3.281110794629108,1.3248498266154054,0.30000000000000004
64,0.95,CAP:16,M0,0.3,10,3.2319866329412426,0.06023011335175443,6.243476999728638,0.8
64,0.95,CAP:16,M1,0.3,10,-0.12033193046815444,-1.900316669142864,1.7566116064499573,0.30000000000000004
64,0.95,SW:fixed1,M0,0.3,10,3.294306147526591,0.7767416026519298,5.296177478445288,0.9
64,0.95,SW:fixed1,M1,0.3,10,-0.058012415882806145,-0.14539529419806668,-0.000272516276038548,0.0
64,0.95,SW:fixed3,M0,0.3,10,3.3248324709637047,0.8721826513843072,5.279075382946882,0.9
64,0.95,SW:fixed3,M1,0.3,10,-0.02748609244569291,-0.13107431747289083,0.04861604013581209,0.1
64,0.95,SW:fixed10,M0,0.3,10,3.5147219442515483,0.9434997014554491,5.62554683732965,0.9
64,0.95,SW:fixed10,M1,0.3,10,0.16240338084215084,0.0,0.34170093956547093,0.2
64,0.95,SW:fixed30,M0,0.3,10,3.5061333879247636,1.0021629286574771,5.539033095059847,0.9
64,0.95,SW:fixed30,M1,0.3,10,0.15381482451536616,-0.08617976411977776,0.4630478420849463,0.30000000000000004
64,0.95,BANDIT:8,M0,0.3,10,3.3203936795987046,0.8379117865158864,5.302805180818314,0.9
64,0.95,BANDIT:8,M1,0.3,10,-0.031924883810692695,-0.09522961888000099,0.0,0.0
64,0.95,BANDIT2:8,M0,0.3,10,3.294306147526591,0.8303181117564573,5.247229399819263,0.9
64,0.95,BANDIT2:8,M1,0.3,10,-0.058012415882806145,-0.14539529419806668,-0.000272516276038548,0.0
64,0.95,M0,M1,1.0,10,2.537964682269768,-0.5507544754553229,5.4457642830041255,0.5
64,0.95,M1,M0,1.0,10,-2.537964682269768,-5.558196098856592,0.48560964212240154,0.5
64,0.95,CAP:8,M0,1.0,10,-2.743743939944884,-4.8095561020166535,-0.5046952204413653,0.5
64,0.95,CAP:8,M1,1.0,10,-0.20577925767511562,-2.01925148050466,1.6055208995923214,0.5
64,0.95,CAP:16,M0,1.0,10,-2.0313078677553147,-4.590996462065724,0.620383406173851,0.5
64,0.95,CAP:16,M1,1.0,10,0.5066568145144534,-0.9124788670076974,2.028497482600795,0.4
64,0.95,SW:fixed1,M0,1.0,10,-1.957987824080288,-4.915064471047326,1.0929525400891633,0.5
64,0.95,SW:fixed1,M1,1.0,10,0.5799768581894797,0.03394481679352581,1.197104643294567,0.7
64,0.95,SW:fixed3,M0,1.0,10,-2.334857071494825,-5.04849122789474,0.6035737556920683,0.5
64,0.95,SW:fixed3,M1,1.0,10,0.2031076107749435,-0.1808836009443331,0.5928568732966877,0.5
64,0.95,SW:fixed10,M0,1.0,10,-1.7720255249250532,-4.797931469747667,1.5668011981622245,0.5
64,0.95,SW:fixed10,M1,1.0,10,0.765939157344715,0.06499208848477236,1.4976133812958166,0.5
64,0.95,SW:fixed30,M0,1.0,10,-2.2527721348443968,-5.3431562219765,0.8631759040760929,0.5
64,0.95,SW:fixed30,M1,1.0,10,0.2851925474253709,-0.34611256292734477,0.9130847824448346,0.6
64,0.95,BANDIT:8,M0,1.0,10,-2.4308044523814916,-5.441039909063911,0.6193569078941099,0.5
64,0.95,BANDIT:8,M1,1.0,10,0.10716022988827648,-0.21744633868176924,0.3708958988987622,0.5
64,0.95,BANDIT2:8,M0,1.0,10,-2.7161707078582538,-5.822142444485765,0.2787309570190204,0.5
64,0.95,BANDIT2:8,M1,1.0,10,-0.17820602558848622,-0.6243602943678235,0.32749240620147085,0.1
64,0.95,M0,M1,3.0,10,1.8269345213249764,-0.48884687743163635,4.219221608178401,0.5
64,0.95,M1,M0,3.0,10,-1.8269345213249764,-4.168024046803713,0.5658344656328455,0.5
64,0.95,CAP:8,M0,3.0,10,-2.1645218922097476,-4.212358373663138,-0.4975468064091072,0.2
64,0.95,CAP:8,M1,3.0,10,-0.3375873708847716,-1.7209096243637443,1.0993234565846062,0.4
64,0.95,CAP:16,M0,3.0,10,-1.2755206557889338,-3.413107384476028,0.895650076532496,0.5
64,0.95,CAP:16,M1,3.0,10,0.5514138655360428,-0.42298214011424085,1.9034659370247557,0.6000000000000001
64,0.95,SW:fixed1,M0,3.0,10,-1.1907937959679555,-2.7873105975658903,0.3095447056157796,0.4
64,0.95,SW:fixed1,M1,3.0,10,0.6361407253570207,-0.9358272242487131,2.3285792363989573,0.5
64,0.95,SW:fixed3,M0,3.0,10,-1.797027555342736,-3.992755661955028,0.5776416157176673,0.4
64,0.95,SW:fixed3,M1,3.0,10,0.02990696598224024,-1.054860492590264,1.1375343831723763,0.5
64,0.95,SW:fixed10,M0,3.0,10,-1.614848128674204,-4.063937919392922,0.9002370686208875,0.4
64,0.95,SW:fixed10,M1,3.0,10,0.21208639265077212,-0.3640971559943252,0.8991072856235697,0.6
64,0.95,SW:fixed30,M0,3.0,10,-1.5048065894021205,-3.73438667192993,0.8734606022496376,0.5
64,0.95,SW:fixed30,M1,3.0,10,0.3221279319228555,-0.39167654223989123,1.0501396037654172,0.7
64,0.95,BANDIT:8,M0,3.0,10,-1.0369168843827468,-3.1270988808931257,0.9123730865816069,0.5
64,0.95,BANDIT:8,M1,3.0,10,0.7900176369422296,-0.9123276146504222,2.527870922565544,0.4
64,0.95,BANDIT2:8,M0,3.0,10,-1.9254640522867654,-4.00837207392008,0.002341744283956211,0.4
64,0.95,BANDIT2:8,M1,3.0,10,-0.09852953096178907,-1.7004853624388787,1.6892924521257333,0.5
64,0.95,M0,M1,10.0,10,0.34932943577685666,-1.7617501107094538,2.3604020474895044,0.6
64,0.95,M1,M0,10.0,10,-0.34932943577685666,-2.3052979184201727,1.7941963851913478,0.4
64,0.95,CAP:8,M0,10.0,10,0.7186823930079138,-0.88945427732725,2.315718546093835,0.7
64,0.95,CAP:8,M1,10.0,10,1.0680118287847704,0.08230394896511754,2.0287826855593942,0.7
64,0.95,CAP:16,M0,10.0,10,0.029952428890300975,-2.2936512619781033,2.2077664864330027,0.6
64,0.95,CAP:16,M1,10.0,10,0.3792818646671578,-0.6576065141109547,1.4634240836995214,0.6
64,0.95,SW:fixed1,M0,10.0,10,-0.5276274577732775,-1.9305058828506463,0.7789338219223121,0.5
64,0.95,SW:fixed1,M1,10.0,10,-0.1782980219964207,-1.6877082375680255,1.327661514872036,0.4
64,0.95,SW:fixed3,M0,10.0,10,0.3733664830293699,-1.4275871233208934,2.072433356994316,0.6
64,0.95,SW:fixed3,M1,10.0,10,0.7226959188062266,-0.8135031108885515,2.565400600971928,0.5
64,0.95,SW:fixed10,M0,10.0,10,-0.40715048617966254,-2.7064334360736186,1.8891515344893837,0.4
64,0.95,SW:fixed10,M1,10.0,10,-0.0578210504028058,-0.668496349750137,0.5374816676588741,0.5
64,0.95,SW:fixed30,M0,10.0,10,0.10029667853874757,-1.7440311455742192,1.9032577523509577,0.5
64,0.95,SW:fixed30,M1,10.0,10,0.4496261143156043,-0.3218542044765482,1.2759941664551344,0.7
64,0.95,BANDIT:8,M0,10.0,10,0.9466161138105361,0.0159255520535676,1.8520910137456146,0.6
64,0.95,BANDIT:8,M1,10.0,10,1.2959455495873926,-0.3379306207015568,2.997488965139675,0.7
64,0.95,BANDIT2:8,M0,10.0,10,-0.2840681509966017,-1.8913139695042538,1.1272064150748156,0.6
64,0.95,BANDIT2:8,M1,10.0,10,0.06526128478025503,-1.1576754920737946,1.3192008969021536,0.5
64,0.95,M0,M1,30.0,10,-0.6560227437969531,-2.6114739986101956,1.2750532687758005,0.4
64,0.95,M1,M0,30.0,10,0.6560227437969531,-1.2388409565266458,2.547541260636738,0.6000000000000001
64,0.95,CAP:8,M0,30.0,10,1.4667612800162897,-0.21670768829539788,3.0346781843619413,0.6
64,0.95,CAP:8,M1,30.0,10,0.8107385362193366,-0.03946480407004249,1.6946325532086217,0.7
64,0.95,CAP:16,M0,30.0,10,0.9834470872507901,-1.1941848231376,3.124852502141699,0.6
64,0.95,CAP:16,M1,30.0,10,0.327424343453837,-0.5954143146069129,1.2083941606203923,0.6000000000000001
64,0.95,SW:fixed1,M0,30.0,10,-0.3872000061849277,-1.2889526523631178,0.4499370109103449,0.5
64,0.95,SW:fixed1,M1,30.0,10,-1.043222749981881,-2.486262088598177,0.2729544177964379,0.5
64,0.95,SW:fixed3,M0,30.0,10,0.5612535557070395,-0.4315058800579884,1.5999912349268397,0.6
64,0.95,SW:fixed3,M1,30.0,10,-0.09476918808991366,-1.9135777021801947,1.677240780241831,0.5
64,0.95,SW:fixed10,M0,30.0,10,0.7003353245178536,-0.5379996946550206,1.9215905617532871,0.6000000000000001
64,0.95,SW:fixed10,M1,30.0,10,0.044312580720900385,-1.088144114579534,1.1461525118133375,0.4
64,0.95,SW:fixed30,M0,30.0,10,0.5177384052447781,-1.0244387766841312,2.153259578602048,0.5
64,0.95,SW:fixed30,M1,30.0,10,-0.13828433855217498,-1.0580556913228372,0.6910842367769704,0.5
64,0.95,BANDIT:8,M0,30.0,10,2.71513497413822,1.840792329552935,3.574456168158682,0.8
64,0.95,BANDIT:8,M1,30.0,10,2.059112230341267,0.5171531917105526,3.585380595988894,0.7
64,0.95,BANDIT2:8,M0,30.0,10,2.3873098162645707,1.3406862498804804,3.438107303931763,0.9
64,0.95,BANDIT2:8,M1,30.0,10,1.7312870724676173,-0.3131505139333108,4.009065195258606,0.6000000000000001
64,0.95,M0,M1,60.0,10,-2.0576850125961914,-3.527426561175236,-0.3407672576905099,0.2
64,0.95,M1,M0,60.0,10,2.0576850125961914,0.2964425843881109,3.568000842049865,0.8
64,0.95,CAP:8,M0,60.0,10,2.5830811201413786,0.6240590023982334,4.362439493661795,0.8
64,0.95,CAP:8,M1,60.0,10,0.5253961075451871,-0.6281895830140245,1.3897534063609234,0.9
64,0.95,CAP:16,M0,60.0,10,1.3786929645892956,-0.5409929423421362,3.2886297493539156,0.7
64,0.95,CAP:16,M1,60.0,10,-0.6789920480068956,-2.0462687283552143,0.625094791512413,0.5
64,0.95,SW:fixed1,M0,60.0,10,-0.1991960217690357,-1.394358407268691,1.0424140891608678,0.5
64,0.95,SW:fixed1,M1,60.0,10,-2.256881034365227,-4.079830273306893,-0.25601428102306834,0.30000000000000004
64,0.95,SW:fixed3,M0,60.0,10,-0.05936013724245309,-0.7735040293293072,0.6820921025410127,0.6000000000000001
64,0.95,SW:fixed3,M1,60.0,10,-2.1170451498386442,-3.8074207053753404,-0.4096772686475638,0.4
64,0.95,SW:fixed10,M0,60.0,10,-0.06838106544753836,-1.2317889275991498,1.0763061980203406,0.4
64,0.95,SW:fixed10,M1,60.0,10,-2.1260660780437295,-3.472122219204366,-0.9067965901746244,0.2
64,0.95,SW:fixed30,M0,60.0,10,0.33844787325255843,-1.0275527667402327,1.7662027973029122,0.4
64,0.95,SW:fixed30,M1,60.0,10,-1.7192371393436328,-3.0620286821790805,-0.3785129941906956,0.30000000000000004
64,0.95,BANDIT:8,M0,60.0,10,2.9846254360536033,2.15236746595068,3.799243957026998,1.0
64,0.95,BANDIT:8,M1,60.0,10,0.926940423457412,-0.03686778780111407,1.9963648895656336,0.7
64,0.95,BANDIT2:8,M0,60.0,10,2.41123529677407,1.4923974004347877,3.3983221780710666,1.0
64,0.95,BANDIT2:8,M1,60.0,10,0.353550284177879,-1.1884548780842261,2.034373320277647,0.5
128,0.9,M0,M1,0.0,10,0.0,0.0,0.0,0.0
128,0.9,M1,M0,0.0,10,0.0,0.0,0.0,0.0
128,0.9,CAP:8,M0,0.0,10,0.0,0.0,0.0,0.0
128,0.9,CAP:8,M1,0.0,10,0.0,0.0,0.0,0.0
128,0.9,CAP:16,M0,0.0,10,0.0,0.0,0.0,0.0
128,0.9,CAP:16,M1,0.0,10,0.0,0.0,0.0,0.0
128,0.9,SW:fixed1,M0,0.0,10,0.0,0.0,0.0,0.0
128,0.9,SW:fixed1,M1,0.0,10,0.0,0.0,0.0,0.0
128,0.9,SW:fixed3,M0,0.0,10,0.0,0.0,0.0,0.0
128,0.9,SW:fixed3,M1,0.0,10,0.0,0.0,0.0,0.0
128,0.9,SW:fixed10,M0,0.0,10,0.0,0.0,0.0,0.0
128,0.9,SW:fixed10,M1,0.0,10,0.0,0.0,0.0,0.0
128,0.9,SW:fixed30,M0,0.0,10,0.0,0.0,0.0,0.0
128,0.9,SW:fixed30,M1,0.0,10,0.0,0.0,0.0,0.0
128,0.9,BANDIT:8,M0,0.0,10,0.0,0.0,0.0,0.0
128,0.9,BANDIT:8,M1,0.0,10,0.0,0.0,0.0,0.0
128,0.9,BANDIT2:8,M0,0.0,10,0.0,0.0,0.0,0.0
128,0.9,BANDIT2:8,M1,0.0,10,0.0,0.0,0.0,0.0
128,0.9,M0,M1,0.1,10,1.2898206293015453,-0.3236060484984577,3.3512605623307263,0.6
128,0.9,M1,M0,0.1,10,-1.2898206293015453,-3.3598734557118317,0.34294572696065606,0.4
128,0.9,CAP:8,M0,0.1,10,-1.352051999407541,-3.412586322508573,0.12967864205086896,0.5
128,0.9,CAP:8,M1,0.1,10,-0.062231370105996,-0.5066113971327999,0.35532416054741267,0.6
128,0.9,CAP:16,M0,0.1,10,-1.3780182503256602,-3.453703388181283,0.1251506697001536,0.5
128,0.9,CAP:16,M1,0.1,10,-0.08819762102411514,-0.5313980186022551,0.34924554027046917,0.6
128,0.9,SW:fixed1,M0,0.1,10,-1.2898206293015453,-3.364851719708646,0.3281703931204208,0.4
128,0.9,SW:fixed1,M1,0.1,10,0.0,0.0,0.0,0.0
128,0.9,SW:fixed3,M0,0.1,10,-1.2898206293015453,-3.364851719708646,0.32289247948858646,0.4
128,0.9,SW:fixed3,M1,0.1,10,0.0,0.0,0.0,0.0
128,0.9,SW:fixed10,M0,0.1,10,-1.2898206293015453,-3.2850647992481092,0.3228924794885864,0.4
128,0.9,SW:fixed10,M1,0.1,10,0.0,0.0,0.0,0.0
128,0.9,SW:fixed30,M0,0.1,10,-1.2898206293015453,-3.2800302830788017,0.3086582289153211,0.4
128,0.9,SW:fixed30,M1,0.1,10,0.0,0.0,0.0,0.0
128,0.9,BANDIT:8,M0,0.1,10,-1.2898206293015453,-3.2619210174747484,0.33802399912501535,0.4
128,0.9,BANDIT:8,M1,0.1,10,0.0,0.0,0.0,0.0
128,0.9,BANDIT2:8,M0,0.1,10,-1.2898206293015453,-3.2759253415574605,0.345824096454847,0.4
128,0.9,BANDIT2:8,M1,0.1,10,0.0,0.0,0.0,0.0
128,0.9,M0,M1,0.3,10,-0.17108570339734913,-1.434848221970789,1.8784908521273866,0.2
128,0.9,M1,M0,0.3,10,0.17108570339734913,-1.8679787383100082,1.4237828420766983,0.8
128,0.9,CAP:8,M0,0.3,10,-0.34602305790605714,-2.4969594010789233,0.8823259952953761,0.8
128,0.9,CAP:8,M1,0.3,10,-0.5171087613034062,-0.8793567712857678,-0.12922582506713332,0.2
128,0.9,CAP:16,M0,0.3,10,-0.20705233254160146,-2.0372430239900705,0.8780050002661974,0.7
128,0.9,CAP:16,M1,0.3,10,-0.3781380359389506,-0.7511115233713437,0.006163040828932184,0.30000000000000004
128,0.9,SW:fixed1,M0,0.3,10,0.17188462547358782,-1.8557982597839593,1.4336965731331406,0.8
128,0.9,SW:fixed1,M1,0.3,10,0.000798922076238684,0.0,0.002396766228716052,0.1
128,0.9,SW:fixed3,M0,0.3,10,0.16416555713317843,-1.8591712840245531,1.4354355988672172,0.8
128,0.9,SW:fixed3,M1,0.3,10,-0.006920146264170723,-0.020626700133177734,0.0015309748228101495,0.1
128,0.9,SW:fixed10,M0,0.3,10,0.14783443722727654,-1.874772965337131,1.377850524309877,0.8
128,0.9,SW:fixed10,M1,0.3,10,-0.023251266170072605,-0.07072307175159333,0.0021114576139825924,0.2
128,0.9,SW:fixed30,M0,0.3,10,0.17108570339734913,-1.8390315451046748,1.4353619046110737,0.8
128,0.9,SW:fixed30,M1,0.3,10,0.0,0.0,0.0,0.0
128,0.9,BANDIT:8,M0,0.3,10,0.17108570339734913,-1.8324899905408958,1.4332816884111512,0.8
128,0.9,BANDIT:8,M1,0.3,10,0.0,0.0,0.0,0.0
128,0.9,BANDIT2:8,M0,0.3,10,0.17167510183655388,-1.858418971088391,1.4179737174562907,0.8
128,0.9,BANDIT2:8,M1,0.3,10,0.0005893984392047357,-0.0017315828118118048,0.0027677253828545466,0.2
128,0.9,M0,M1,1.0,10,-4.892863387279236,-6.5240261827384085,-3.2613948870565723,0.1
128,0.9,M1,M0,1.0,10,4.892863387279236,3.261706843831737,6.578505227684677,0.9
128,0.9,CAP:8,M0,1.0,10,4.4745334210884256,2.7763239885394086,5.973986661526401,1.0
128,0.9,CAP:8,M1,1.0,10,-0.41832996619080975,-1.229442504136818,0.3896576767372638,0.2
128,0.9,CAP:16,M0,1.0,10,4.269108071638355,2.569177163546775,5.791528270187873,1.0
128,0.9,CAP:16,M1,1.0,10,-0.6237553156408803,-1.4750405311338364,0.2467478048693072,0.2
128,0.9,SW:fixed1,M0,1.0,10,5.010725022278539,3.3548549716958362,6.655441316021004,1.0
128,0.9,SW:fixed1,M1,1.0,10,0.11786163499930408,0.03640888655271937,0.21591887905030002,0.5
128,0.9,SW:fixed3,M0,1.0,10,4.825298064032425,3.127472068898917,6.488050245460981,0.9
128,0.9,SW:fixed3,M1,1.0,10,-0.06756532324681093,-0.1895168594012551,0.02231330558714397,0.1
128,0.9,SW:fixed10,M0,1.0,10,4.8592784522479056,3.2683189308250196,6.489285702722951,0.9
128,0.9,SW:fixed10,M1,1.0,10,-0.03358493503132909,-0.07755700954629478,0.0,0.0
128,0.9,SW:fixed30,M0,1.0,10,4.903204535397784,3.208204498035089,6.5613758411993075,0.9
128,0.9,SW:fixed30,M1,1.0,10,0.010341148118547847,-0.10496371221257572,0.16198432086766595,0.1
128,0.9,BANDIT:8,M0,1.0,10,4.8731120992464065,3.2698707337884176,6.543635998970672,0.9
128,0.9,BANDIT:8,M1,1.0,10,-0.019751288032829176,-0.06836478799762684,0.024458392363428772,0.1
128,0.9,BANDIT2:8,M0,1.0,10,4.825838699991923,3.1453772821104513,6.49957487978193,0.9
128,0.9,BANDIT2:8,M1,1.0,10,-0.06702468728731166,-0.18737177262497032,0.02285394154664324,0.1
128,0.9,M0,M1,3.0,10,1.8552363053422989,-0.07394050374932615,4.009682043427142,0.8
128,0.9,M1,M0,3.0,10,-1.8552363053422989,-3.872339673150874,0.07773789445313646,0.2
128,0.9,CAP:8,M0,3.0,10,-1.9292780874203492,-4.178328745106695,0.2605329296240263,0.30000000000000004
128,0.9,CAP:8,M1,3.0,10,-0.07404178207805023,-1.021122005811281,0.8689201503626469,0.4
128,0.9,CAP:16,M0,3.0,10,-1.8770416191193238,-3.985937384292445,0.14696268064789605,0.30000000000000004
128,0.9,CAP:16,M1,3.0,10,-0.021805313777024438,-0.853068180060837,0.7903221690352125,0.4
128,0.9,SW:fixed1,M0,3.0,10,0.5364355367306528,-1.9366896681210513,3.177658545139057,0.4
128,0.9,SW:fixed1,M1,3.0,10,2.3916718420729515,0.2311503856178172,5.953040999779558,0.5
128,0.9,SW:fixed3,M0,3.0,10,-2.2688770087757564,-4.562744735669391,-0.14894224482901997,0.2
128,0.9,SW:fixed3,M1,3.0,10,-0.41364070343345727,-0.8576009202079967,0.011349187063214573,0.1
128,0.9,SW:fixed10,M0,3.0,10,-2.028917571713414,-4.255005201097653,0.06663610064270305,0.2
128,0.9,SW:fixed10,M1,3.0,10,-0.1736812663711145,-0.5937810500488594,0.21145335654945968,0.3
128,0.9,SW:fixed30,M0,3.0,10,-1.9648154649014251,-4.016074031738634,-0.09899268832259422,0.2
128,0.9,SW:fixed30,M1,3.0,10,-0.10957915955912581,-0.8431472102344767,0.6684547921486342,0.30000000000000004
128,0.9,BANDIT:8,M0,3.0,10,-2.1521330278750748,-4.335889805918206,-0.17816311169580515,0.2
128,0.9,BANDIT:8,M1,3.0,10,-0.29689672253277555,-0.7168136472162512,0.06827609613290893,0.1
128,0.9,BANDIT2:8,M0,3.0,10,1.176096756395725,-0.762104219139199,3.357098918093045,0.4
128,0.9,BANDIT2:8,M1,3.0,10,3.0313330617380245,0.400062244951982,6.4617762748826,0.5
128,0.9,M0,M1,10.0,10,6.141353213569334,2.782514700036504,10.390963425191613,1.0
128,0.9,M1,M0,10.0,10,-6.141353213569334,-10.325454052512406,-2.797098830504787,0.0
128,0.9,CAP:8,M0,10.0,10,-5.817118464737469,-10.56712968074498,-2.2623547055849627,0.1
128,0.9,CAP:8,M1,10.0,10,0.3242347488318653,-0.7490241326033062,1.385174489451629,0.5
128,0.9,CAP:16,M0,10.0,10,-5.957014727672707,-10.502860801241031,-2.5063916304077996,0.1
128,0.9,CAP:16,M1,10.0,10,0.1843384858966272,-0.4790425830892636,0.8186605762354421,0.5
128,0.9,SW:fixed1,M0,10.0,10,-0.8863268218804884,-1.9525400010856215,0.03248651688265353,0.4
128,0.9,SW:fixed1,M1,10.0,10,5.255026391688847,1.5972694570525292,9.89819933470949,0.8
128,0.9,SW:fixed3,M0,10.0,10,-1.5061660408563584,-2.618578381821853,-0.38822510569842533,0.2
128,0.9,SW:fixed3,M1,10.0,10,4.6351871727129765,1.9156688205986103,8.309358150574502,0.8
128,0.9,SW:fixed10,M0,10.0,10,-6.186438254822057,-10.838483428689148,-2.443290209056321,0.0
128,0.9,SW:fixed10,M1,10.0,10,-0.04508504125272167,-0.7927842872210158,0.6210866458595731,0.4
128,0.9,SW:fixed30,M0,10.0,10,-5.395126337406413,-9.492335397007755,-2.244084593336811,0.0
128,0.9,SW:fixed30,M1,10.0,10,0.7462268761629216,0.3530610403973678,1.1082068231240476,0.7
128,0.9,BANDIT:8,M0,10.0,10,-1.8677661408747894,-2.5261384333406585,-1.2464743959911566,0.0
128,0.9,BANDIT:8,M1,10.0,10,4.2735870726945455,0.9791994495761667,8.495711404754534,0.6
128,0.9,BANDIT2:8,M0,10.0,10,-1.49805346858266,-2.512517050352582,-0.5359871413610324,0.2
128,0.9,BANDIT2:8,M1,10.0,10,4.643299744986674,1.7441717710252351,8.67662423700832,0.9
128,0.9,M0,M1,30.0,10,5.255781164238181,1.7744334301942724,9.299851229689317,0.8
128,0.9,M1,M0,30.0,10,-5.255781164238181,-9.31475895703708,-1.708112495967384,0.2
128,0.9,CAP:8,M0,30.0,10,-5.561821958443078,-9.797718158298945,-2.2317399687683976,0.1
128,0.9,CAP:8,M1,30.0,10,-0.30604079420489705,-0.9889541419310706,0.3809632387470774,0.5
128,0.9,CAP:16,M0,30.0,10,-4.9278657214621555,-7.84144443039632,-2.2755067645194993,0.2
128,0.9,CAP:16,M1,30.0,10,0.3279154427760254,-0.7807633073138786,1.5704548025644265,0.5
128,0.9,SW:fixed1,M0,30.0,10,-0.6876211764694894,-1.8422085247647633,0.3406172146546089,0.4
128,0.9,SW:fixed1,M1,30.0,10,4.568159987768691,1.252454835814459,8.600401750456022,0.8
128,0.9,SW:fixed3,M0,30.0,10,-0.9301761067201894,-2.08722479694955,0.14000007424307856,0.4
128,0.9,SW:fixed3,M1,30.0,10,4.325605057517992,1.2219875343921365,8.436861627313592,0.9
128,0.9,SW:fixed10,M0,30.0,10,-0.9780954963321727,-1.9007584106189737,-0.061057115099757836,0.4
128,0.9,SW:fixed10,M1,30.0,10,4.277685667906008,0.9327911555898531,8.517990513876027,0.7
128,0.9,SW:fixed30,M0,30.0,10,-4.887161286249816,-8.78360023460921,-1.7518875636236773,0.1
128,0.9,SW:fixed30,M1,30.0,10,0.36861987798836604,-0.35441587929999485,1.338415538252114,0.5
128,0.9,BANDIT:8,M0,30.0,10,-0.8427218376511019,-1.9337572886599537,0.17544268984190484,0.2
128,0.9,BANDIT:8,M1,30.0,10,4.413059326587079,0.9387787377104903,8.909730555938182,0.7
128,0.9,BANDIT2:8,M0,30.0,10,-0.5646422402199771,-1.6032833040599321,0.614106148544554,0.4
128,0.9,BANDIT2:8,M1,30.0,10,4.691138924018203,1.7100571778152567,8.459505490299545,0.9
128,0.9,M0,M1,60.0,10,4.291764361941691,1.4956877413659957,7.825950697253622,0.8
128,0.9,M1,M0,60.0,10,-4.291764361941691,-7.700233231886921,-1.4734896992665956,0.2
128,0.9,CAP:8,M0,60.0,10,-4.822507204382935,-9.160830370662675,-1.6860376168488043,0.2
128,0.9,CAP:8,M1,60.0,10,-0.5307428424412433,-1.7155658340142852,0.5732306943987331,0.5
128,0.9,CAP:16,M0,60.0,10,-4.6193863880635,-7.622566611503745,-2.055465083541922,0.30000000000000004
128,0.9,CAP:16,M1,60.0,10,-0.3276220261218092,-1.2137985488732532,0.5929549400238607,0.4
128,0.9,SW:fixed1,M0,60.0,10,0.3881623788144929,-0.6428839860016847,1.394316771623511,0.7
128,0.9,SW:fixed1,M1,60.0,10,4.679926740756184,2.0875088409684697,7.818016703976504,0.9
128,0.9,SW:fixed3,M0,60.0,10,-0.43142391058251545,-1.129542706828585,0.36112815005941457,0.4
128,0.9,SW:fixed3,M1,60.0,10,3.8603404513591757,1.4160226011233137,6.961512438856279,0.9
128,0.9,SW:fixed10,M0,60.0,10,-0.5285562439881282,-1.180384269784695,0.0498758037916626,0.5
128,0.9,SW:fixed10,M1,60.0,10,3.763208117953563,0.9516983676424473,7.089843060218831,0.7
128,0.9,SW:fixed30,M0,60.0,10,-0.08213043271666498,-1.1984526709396013,0.9254249498757081,0.4
128,0.9,SW:fixed30,M1,60.0,10,4.209633929225026,1.841895060846256,7.332516053144189,1.0
128,0.9,BANDIT:8,M0,60.0,10,0.16906817636951005,-0.7051482394312507,0.9644597155716049,0.7
128,0.9,BANDIT:8,M1,60.0,10,4.460832538311202,1.6255157736197041,8.228742511083675,0.8
128,0.9,BANDIT2:8,M0,60.0,10,-0.23638767953017356,-1.231259139335334,0.7315129283442003,0.5
128,0.9,BANDIT2:8,M1,60.0,10,4.055376682411517,1.6163397857963344,6.876967277174657,0.9
128,0.95,M0,M1,0.0,10,0.0,0.0,0.0,0.0
128,0.95,M1,M0,0.0,10,0.0,0.0,0.0,0.0
128,0.95,CAP:8,M0,0.0,10,0.0,0.0,0.0,0.0
128,0.95,CAP:8,M1,0.0,10,0.0,0.0,0.0,0.0
128,0.95,CAP:16,M0,0.0,10,0.0,0.0,0.0,0.0
128,0.95,CAP:16,M1,0.0,10,0.0,0.0,0.0,0.0
128,0.95,SW:fixed1,M0,0.0,10,0.0,0.0,0.0,0.0
128,0.95,SW:fixed1,M1,0.0,10,0.0,0.0,0.0,0.0
128,0.95,SW:fixed3,M0,0.0,10,0.0,0.0,0.0,0.0
128,0.95,SW:fixed3,M1,0.0,10,0.0,0.0,0.0,0.0
128,0.95,SW:fixed10,M0,0.0,10,0.0,0.0,0.0,0.0
128,0.95,SW:fixed10,M1,0.0,10,0.0,0.0,0.0,0.0
128,0.95,SW:fixed30,M0,0.0,10,0.0,0.0,0.0,0.0
128,0.95,SW:fixed30,M1,0.0,10,0.0,0.0,0.0,0.0
128,0.95,BANDIT:8,M0,0.0,10,0.0,0.0,0.0,0.0
128,0.95,BANDIT:8,M1,0.0,10,0.0,0.0,0.0,0.0
128,0.95,BANDIT2:8,M0,0.0,10,0.0,0.0,0.0,0.0
128,0.95,BANDIT2:8,M1,0.0,10,0.0,0.0,0.0,0.0
128,0.95,M0,M1,0.1,10,0.40520221813551655,-0.5655059968685536,1.4952311771587457,0.5
128,0.95,M1,M0,0.1,10,-0.40520221813551655,-1.4857549313729503,0.5836433900873239,0.5
128,0.95,CAP:8,M0,0.1,10,-0.45373376701508245,-1.3883553610198345,0.34196445034172845,0.5
128,0.95,CAP:8,M1,0.1,10,-0.048531548879565976,-0.45296685692501626,0.4071246006956532,0.2
128,0.95,CAP:16,M0,0.1,10,-0.45735478266610374,-1.404674452978776,0.32760132307860257,0.5
128,0.95,CAP:16,M1,0.1,10,-0.05215256453058731,-0.4825926235063619,0.4396698139329692,0.2
128,0.95,SW:fixed1,M0,0.1,10,-0.46780942444234,-1.552681454500124,0.537208540900648,0.5
128,0.95,SW:fixed1,M1,0.1,10,-0.06260720630682351,-0.1878216189204705,0.0,0.0
128,0.95,SW:fixed3,M0,0.1,10,-0.46780942444234,-1.5506111721072122,0.5403453877166575,0.5
128,0.95,SW:fixed3,M1,0.1,10,-0.06260720630682351,-0.1878216189204705,0.0,0.0
128,0.95,SW:fixed10,M0,0.1,10,-0.4137294310214974,-1.4968345421394662,0.5411910705207131,0.5
128,0.95,SW:fixed10,M1,0.1,10,-0.008527212885980795,-0.025581638657942385,0.0,0.0
128,0.95,SW:fixed30,M0,0.1,10,-0.46780942444234,-1.5872464787263065,0.5136327193977713,0.5
128,0.95,SW:fixed30,M1,0.1,10,-0.06260720630682351,-0.1878216189204705,0.0,0.0
128,0.95,BANDIT:8,M0,0.1,10,-0.46780942444234,-1.5630981301082978,0.5346209242221587,0.5
128,0.95,BANDIT:8,M1,0.1,10,-0.06260720630682351,-0.1878216189204705,0.0,0.0
128,0.95,BANDIT2:8,M0,0.1,10,-0.46780942444234,-1.5532246718947793,0.5310343533571692,0.5
128,0.95,BANDIT2:8,M1,0.1,10,-0.06260720630682351,-0.1878216189204705,0.0,0.0
128,0.95,M0,M1,0.3,10,-0.09346273911551406,-1.3853266858385938,1.3330955219492029,0.4
128,0.95,M1,M0,0.3,10,0.09346273911551406,-1.3142459740906491,1.4359382540991528,0.6
128,0.95,CAP:8,M0,0.3,10,0.19810125895042782,-0.8438179286350842,1.0676401143770533,0.7
128,0.95,CAP:8,M1,0.3,10,0.10463851983491373,-0.5731345112488689,0.7799414815864839,0.5
128,0.95,CAP:16,M0,0.3,10,0.20522816834911362,-0.6975803605960075,1.0102477411318915,0.7
128,0.95,CAP:16,M1,0.3,10,0.11176542923359956,-0.6242144712233629,0.8411874209859967,0.4
128,0.95,SW:fixed1,M0,0.3,10,0.06373356933598862,-1.3881926910052018,1.3769125293963518,0.6
128,0.95,SW:fixed1,M1,0.3,10,-0.02972916977952553,-0.08613655949101831,0.0,0.0
128,0.95,SW:fixed3,M0,0.3,10,0.06373356933598862,-1.4148856087379287,1.3698025736245292,0.6
128,0.95,SW:fixed3,M1,0.3,10,-0.02972916977952553,-0.08613655949101831,0.0,0.0
128,0.95,SW:fixed10,M0,0.3,10,0.04725592589563676,-1.3743881617869478,1.3367334333967507,0.6
128,0.95,SW:fixed10,M1,0.3,10,-0.046206813219877366,-0.11660509641667978,0.0,0.0
128,0.95,SW:fixed30,M0,0.3,10,0.09193726419173498,-1.3690312681430996,1.430523887429276,0.6
128,0.95,SW:fixed30,M1,0.3,10,-0.0015254749237791465,-0.004576424771337439,0.0,0.0
128,0.95,BANDIT:8,M0,0.3,10,0.06373356933598862,-1.338876820165889,1.3857722002685542,0.6
128,0.95,BANDIT:8,M1,0.3,10,-0.02972916977952553,-0.08613655949101831,0.0,0.0
128,0.95,BANDIT2:8,M0,0.3,10,0.0652590442597677,-1.372916114442886,1.3720181830213045,0.6
128,0.95,BANDIT2:8,M1,0.3,10,-0.028203694855746385,-0.08461108456723916,0.0,0.0
128,0.95,M0,M1,1.0,10,-3.2390329186475246,-5.2456015652618735,-1.3096085720503385,0.3
128,0.95,M1,M0,1.0,10,3.2390329186475246,1.385170324760748,5.25193615827842,0.7
128,0.95,CAP:8,M0,1.0,10,3.740806680062433,2.0444399340375803,5.433797237924774,0.7
128,0.95,CAP:8,M1,1.0,10,0.5017737614149076,-0.27576827020548633,1.3113342682071716,0.6000000000000001
128,0.95,CAP:16,M0,1.0,10,3.651252325224993,2.0680688633778312,5.252216059436515,0.8
128,0.95,CAP:16,M1,1.0,10,0.4122194065774683,-0.3136691075044237,1.2616978271545105,0.6000000000000001
128,0.95,SW:fixed1,M0,1.0,10,3.2341190811777114,1.4471635197167656,5.1976165230282305,0.7
128,0.95,SW:fixed1,M1,1.0,10,-0.004913837469813087,-0.01148933256911211,0.0,0.0
128,0.95,SW:fixed3,M0,1.0,10,3.2390329186475246,1.3619748498928304,5.283601482217853,0.7
128,0.95,SW:fixed3,M1,1.0,10,0.0,0.0,0.0,0.0
128,0.95,SW:fixed10,M0,1.0,10,3.2544823161076355,1.3773706332369773,5.175700138174697,0.7
128,0.95,SW:fixed10,M1,1.0,10,0.015449397460110781,0.0,0.046348192380332345,0.1
128,0.95,SW:fixed30,M0,1.0,10,3.2407721039407598,1.4139355122397084,5.298286568961548,0.7
128,0.95,SW:fixed30,M1,1.0,10,0.0017391852932344687,-0.009898810358270893,0.016706888448815516,0.1
128,0.95,BANDIT:8,M0,1.0,10,3.2390329186475246,1.3474457279844898,5.283467226066568,0.7
128,0.95,BANDIT:8,M1,1.0,10,0.0,0.0,0.0,0.0
128,0.95,BANDIT2:8,M0,1.0,10,3.2545882902440235,1.3355181441794592,5.232723809446878,0.7
128,0.95,BANDIT2:8,M1,1.0,10,0.015555371596498136,-0.0033233152589718707,0.04811582414620563,0.2
128,0.95,M0,M1,3.0,10,0.27107230870526644,-1.5596689329079938,2.105812820962686,0.5
128,0.95,M1,M0,3.0,10,-0.27107230870526644,-2.0585720760029367,1.6292865535638865,0.5
128,0.95,CAP:8,M0,3.0,10,0.7437254299717084,-1.6076208538674819,2.9366697740347143,0.5
128,0.95,CAP:8,M1,3.0,10,1.0147977386769753,-0.24820039696927326,2.338519147653739,0.7
128,0.95,CAP:16,M0,3.0,10,0.4333335062446375,-1.6986815421333552,2.485303699053381,0.5
128,0.95,CAP:16,M1,3.0,10,0.704405814949904,-0.4769990764620922,2.1309029906376127,0.6000000000000001
128,0.95,SW:fixed1,M0,3.0,10,0.7348492495757376,-1.2820233222858188,2.5714485645986485,0.6000000000000001
128,0.95,SW:fixed1,M1,3.0,10,1.0059215582810046,-0.2060262759335639,2.7506163913058423,0.2
128,0.95,SW:fixed3,M0,3.0,10,-0.4178592154019627,-2.2255772167812142,1.5097822658450557,0.5
128,0.95,SW:fixed3,M1,3.0,10,-0.14678690669669625,-0.37241531117752064,0.030239256626722267,0.1
128,0.95,SW:fixed10,M0,3.0,10,-0.26731600658199195,-2.0859261588429887,1.648179711366478,0.5
128,0.95,SW:fixed10,M1,3.0,10,0.003756302123274668,-0.4025200664792158,0.4100759581577182,0.4
128,0.95,SW:fixed30,M0,3.0,10,0.10694751799687907,-1.8062242281629117,2.0469277495301634,0.5
128,0.95,SW:fixed30,M1,3.0,10,0.3780198267021463,-0.07286852830031927,0.9082431211799965,0.4
128,0.95,BANDIT:8,M0,3.0,10,0.1469117713332193,-1.7799089816158966,2.138704879549076,0.5
128,0.95,BANDIT:8,M1,3.0,10,0.4179840800384863,0.14176220298988393,0.7661702004764418,0.7
128,0.95,BANDIT2:8,M0,3.0,10,0.5999520415637631,-1.3227331032117051,2.566325180810232,0.6000000000000001
128,0.95,BANDIT2:8,M1,3.0,10,0.87102435026903,-0.21575958368138132,2.8636008391250862,0.2
128,0.95,M0,M1,10.0,10,3.448154654242525,1.9153923315335117,5.196480647465987,0.8
128,0.95,M1,M0,10.0,10,-3.448154654242525,-5.266212993990367,-1.879819356437925,0.2
128,0.95,CAP:8,M0,10.0,10,-2.4825751005239187,-4.3961214402351665,-0.6352064369791753,0.3
128,0.95,CAP:8,M1,10.0,10,0.9655795537186069,-0.36859348243447154,2.2640252560110037,0.7
128,0.95,CAP:16,M0,10.0,10,-2.6367265248021345,-3.9629447548679155,-1.2699393885052614,0.2
128,0.95,CAP:16,M1,10.0,10,0.8114281294403911,-0.2840847925755643,2.0925464337508384,0.6
128,0.95,SW:fixed1,M0,10.0,10,0.0915702309378239,-2.40953382452818,2.577099041745567,0.6
128,0.95,SW:fixed1,M1,10.0,10,3.539724885180349,0.7861723092820428,6.456225084703125,0.6
128,0.95,SW:fixed3,M0,10.0,10,-1.630894993867398,-3.6157140223034037,0.6780785948406374,0.2
128,0.95,SW:fixed3,M1,10.0,10,1.8172596603751274,-0.28076981545760826,4.520625039925634,0.4
128,0.95,SW:fixed10,M0,10.0,10,-3.13719522816494,-5.161469914549518,-1.437765085554727,0.2
128,0.95,SW:fixed10,M1,10.0,10,0.3109594260775854,-0.08818380161805145,0.7272119856752068,0.8
128,0.95,SW:fixed30,M0,10.0,10,-3.379482644709814,-5.55178968719401,-1.4990198580882739,0.2
128,0.95,SW:fixed30,M1,10.0,10,0.06867200953271117,-0.44187556093210767,0.5877148550297525,0.4
128,0.95,BANDIT:8,M0,10.0,10,-1.6455747482418617,-3.459221523624618,0.6076599395744318,0.2
128,0.95,BANDIT:8,M1,10.0,10,1.8025799060006638,-0.1665878484855515,4.48299747513185,0.6
128,0.95,BANDIT2:8,M0,10.0,10,-1.5671757449573258,-3.1709775025456928,0.013571191424293805,0.30000000000000004
128,0.95,BANDIT2:8,M1,10.0,10,1.8809789092851996,-0.06932250375448379,4.380445980591239,0.5
128,0.95,M0,M1,30.0,10,2.5182250549328926,0.9662858622974971,4.305983101884576,0.8
128,0.95,M1,M0,30.0,10,-2.5182250549328926,-4.293562410643142,-0.9349342432147294,0.2
128,0.95,CAP:8,M0,30.0,10,-1.8031121377970856,-3.286382162566132,-0.28420622496204184,0.3
128,0.95,CAP:8,M1,30.0,10,0.7151129171358072,-0.16569853863665449,1.688798544711418,0.8
128,0.95,CAP:16,M0,30.0,10,-2.3181382059293503,-4.044373399053002,-0.6015425531114698,0.3
128,0.95,CAP:16,M1,30.0,10,0.20008684900354223,-0.9572196645141472,1.3459799035539293,0.5
128,0.95,SW:fixed1,M0,30.0,10,0.542992890157199,-1.4692359982398016,2.3502541671283357,0.7
128,0.95,SW:fixed1,M1,30.0,10,3.061217945090092,0.38493771685784783,6.12772664617977,0.6000000000000001
128,0.95,SW:fixed3,M0,30.0,10,-0.5397790524080278,-2.378039834615581,1.1839024888348701,0.5
128,0.95,SW:fixed3,M1,30.0,10,1.9784460025248651,-0.4774969538407198,4.980149242012077,0.5
128,0.95,SW:fixed10,M0,30.0,10,-0.028202087246183893,-1.4997886402703071,1.4942145103751479,0.4
128,0.95,SW:fixed10,M1,30.0,10,2.4900229676867087,0.5049585662868492,5.177014325996592,0.8
128,0.95,SW:fixed30,M0,30.0,10,-2.5161170824152763,-4.987157714702709,-0.4682422698325898,0.30000000000000004
128,0.95,SW:fixed30,M1,30.0,10,0.0021079725176166297,-0.9259633561286311,0.8625156096596823,0.7
128,0.95,BANDIT:8,M0,30.0,10,-0.4877488074053201,-2.0961434195264608,1.2604897854235426,0.4
128,0.95,BANDIT:8,M1,30.0,10,2.030476247527573,-0.17795060264850424,4.957711475214743,0.5
128,0.95,BANDIT2:8,M0,30.0,10,-0.23654293285464978,-1.822083535162615,1.2661609812490977,0.7
128,0.95,BANDIT2:8,M1,30.0,10,2.2816821220782426,0.2351961066120652,4.682577285058976,0.6
128,0.95,M0,M1,60.0,10,2.4969195755630427,1.0567853010093615,4.17056371877131,0.7
128,0.95,M1,M0,60.0,10,-2.4969195755630427,-4.194796235718126,-1.0699289971262413,0.3
128,0.95,CAP:8,M0,60.0,10,-1.7689873498045412,-2.966296318703883,-0.5543516577059427,0.3
128,0.95,CAP:8,M1,60.0,10,0.7279322257585013,-0.24271292809170322,1.7622031721729425,0.6
128,0.95,CAP:16,M0,60.0,10,-1.2730613507908597,-3.041577510145264,0.5003292612922231,0.5
128,0.95,CAP:16,M1,60.0,10,1.2238582247721825,0.269119320244134,2.1575227927865144,0.8
128,0.95,SW:fixed1,M0,60.0,10,0.030658902758724516,-1.8286323086072407,1.8141243499108337,0.6000000000000001
128,0.95,SW:fixed1,M1,60.0,10,2.527578478321767,0.005525083580853704,5.4934825525044975,0.6000000000000001
128,0.95,SW:fixed3,M0,60.0,10,-1.1528353178081678,-2.6865879980772034,0.4407675226676918,0.6000000000000001
128,0.95,SW:fixed3,M1,60.0,10,1.3440842577548742,-1.00624040314746,4.187464423405121,0.4
128,0.95,SW:fixed10,M0,60.0,10,0.027220812891501467,-1.3198868088252014,1.34280417613815,0.5
128,0.95,SW:fixed10,M1,60.0,10,2.5241403884545437,0.2563085335563658,5.17895997964125,0.5
128,0.95,SW:fixed30,M0,60.0,10,0.34194032237467953,-0.8976168584997518,1.6068244748882468,0.6000000000000001
128,0.95,SW:fixed30,M1,60.0,10,2.8388598979377218,0.9042333117856844,4.949793347019658,0.7
128,0.95,BANDIT:8,M0,60.0,10,0.11815268262493206,-1.1869214296519377,1.3702088659380924,0.5
128,0.95,BANDIT:8,M1,60.0,10,2.6150722581879737,0.5715367452843461,5.184802730298041,0.7
128,0.95,BANDIT2:8,M0,60.0,10,-0.0819046270879461,-1.2711510358278315,1.2088973692811957,0.5
128,0.95,BANDIT2:8,M1,60.0,10,2.415014948475096,0.7521437707570654,4.280500778112301,0.9
256,0.9,M0,M1,0.0,10,0.0,0.0,0.0,0.0
256,0.9,M1,M0,0.0,10,0.0,0.0,0.0,0.0
256,0.9,CAP:8,M0,0.0,10,0.0,0.0,0.0,0.0
256,0.9,CAP:8,M1,0.0,10,0.0,0.0,0.0,0.0
256,0.9,CAP:16,M0,0.0,10,0.0,0.0,0.0,0.0
256,0.9,CAP:16,M1,0.0,10,0.0,0.0,0.0,0.0
256,0.9,SW:fixed1,M0,0.0,10,0.0,0.0,0.0,0.0
256,0.9,SW:fixed1,M1,0.0,10,0.0,0.0,0.0,0.0
256,0.9,SW:fixed3,M0,0.0,10,0.0,0.0,0.0,0.0
256,0.9,SW:fixed3,M1,0.0,10,0.0,0.0,0.0,0.0
256,0.9,SW:fixed10,M0,0.0,10,0.0,0.0,0.0,0.0
256,0.9,SW:fixed10,M1,0.0,10,0.0,0.0,0.0,0.0
256,0.9,SW:fixed30,M0,0.0,10,0.0,0.0,0.0,0.0
256,0.9,SW:fixed30,M1,0.0,10,0.0,0.0,0.0,0.0
256,0.9,BANDIT:8,M0,0.0,10,0.0,0.0,0.0,0.0
256,0.9,BANDIT:8,M1,0.0,10,0.0,0.0,0.0,0.0
256,0.9,BANDIT2:8,M0,0.0,10,0.0,0.0,0.0,0.0
256,0.9,BANDIT2:8,M1,0.0,10,0.0,0.0,0.0,0.0
256,0.9,M0,M1,0.1,10,0.8772673648407295,0.14988022853607716,1.7097696784014302,0.5
256,0.9,M1,M0,0.1,10,-0.8772673648407295,-1.7133898431668935,-0.15076815061773463,0.4
256,0.9,CAP:8,M0,0.1,10,-0.8865656867340401,-1.7103230360516657,-0.1254207025000612,0.5
256,0.9,CAP:8,M1,0.1,10,-0.00929832189331045,-0.11211638126270618,0.10707738698355143,0.2
256,0.9,CAP:16,M0,0.1,10,-0.8865656867340401,-1.716020846918877,-0.10875650922709838,0.5
256,0.9,CAP:16,M1,0.1,10,-0.00929832189331045,-0.11138126048722867,0.10728184164699109,0.2
256,0.9,SW:fixed1,M0,0.1,10,-0.8772673648407295,-1.6808782097698116,-0.14833921059662547,0.4
256,0.9,SW:fixed1,M1,0.1,10,0.0,0.0,0.0,0.0
256,0.9,SW:fixed3,M0,0.1,10,-0.8772673648407295,-1.6680887433921665,-0.14686821993251717,0.4
256,0.9,SW:fixed3,M1,0.1,10,0.0,0.0,0.0,0.0
256,0.9,SW:fixed10,M0,0.1,10,-0.8772673648407295,-1.6837774415514681,-0.14765733078402293,0.4
256,0.9,SW:fixed10,M1,0.1,10,0.0,0.0,0.0,0.0
256,0.9,SW:fixed30,M0,0.1,10,-0.8772673648407295,-1.6617716806704361,-0.1255275839138206,0.4
256,0.9,SW:fixed30,M1,0.1,10,0.0,0.0,0.0,0.0
256,0.9,BANDIT:8,M0,0.1,10,-0.8772673648407295,-1.698527928156809,-0.14757022953973634,0.4
256,0.9,BANDIT:8,M1,0.1,10,0.0,0.0,0.0,0.0
256,0.9,BANDIT2:8,M0,0.1,10,-0.8772673648407295,-1.7085590802394528,-0.12535947733503944,0.4
256,0.9,BANDIT2:8,M1,0.1,10,0.0,0.0,0.0,0.0
256,0.9,M0,M1,0.3,10,0.7763859535327721,-0.14626494177139962,1.8593408428379428,0.5
256,0.9,M1,M0,0.3,10,-0.7763859535327721,-1.7971780923726899,0.17280264682941898,0.4
256,0.9,CAP:8,M0,0.3,10,-0.8744586189510977,-1.962096807740241,0.046452094321042005,0.5
256,0.9,CAP:8,M1,0.3,10,-0.09807266541832549,-0.2802545283016305,0.07251560440121962,0.30000000000000004
256,0.9,CAP:16,M0,0.3,10,-0.7818870650205767,-1.7847151750090593,0.09888399816130203,0.5
256,0.9,CAP:16,M1,0.3,10,-0.0055011114878045775,-0.19313166339187943,0.18819957134892737,0.4
256,0.9,SW:fixed1,M0,0.3,10,-0.793942696855084,-1.8480386548959657,0.12049693951921232,0.4
256,0.9,SW:fixed1,M1,0.3,10,-0.017556743322311864,-0.0559435694386741,0.003273339471738512,0.1
256,0.9,SW:fixed3,M0,0.3,10,-0.7763859535327721,-1.7945361788139609,0.1412607279987822,0.4
256,0.9,SW:fixed3,M1,0.3,10,0.0,0.0,0.0,0.0
256,0.9,SW:fixed10,M0,0.3,10,-0.7747492837969029,-1.8314161356985321,0.1537014241258549,0.4
256,0.9,SW:fixed10,M1,0.3,10,0.001636669735869256,0.0,0.0049100092076077686,0.1
256,0.9,SW:fixed30,M0,0.3,10,-0.7747492837969029,-1.814236818179955,0.15368429754851262,0.4
256,0.9,SW:fixed30,M1,0.3,10,0.001636669735869256,0.0,0.0049100092076077686,0.1
256,0.9,BANDIT:8,M0,0.3,10,-0.7797763633798679,-1.7805389304037857,0.15391768714388682,0.4
256,0.9,BANDIT:8,M1,0.3,10,-0.003390409847095721,-0.013444569013025676,0.003273339471738512,0.1
256,0.9,BANDIT2:8,M0,0.3,10,-0.7814130331157371,-1.7972493703632737,0.12563709201233014,0.4
256,0.9,BANDIT2:8,M1,0.3,10,-0.005027079582964977,-0.015081238748894932,0.0,0.0
256,0.9,M0,M1,1.0,10,-0.5242967513732955,-1.8097568842553104,0.8466893703164489,0.4
256,0.9,M1,M0,1.0,10,0.5242967513732955,-0.8005329069840732,1.782665999277706,0.6000000000000001
256,0.9,CAP:8,M0,1.0,10,0.5152358989935235,-0.5857175384388371,1.477530564880905,0.7
256,0.9,CAP:8,M1,1.0,10,-0.009060852379772007,-0.45234390368745897,0.4294222986332072,0.4
256,0.9,CAP:16,M0,1.0,10,0.6950578082262779,-0.1597596676760009,1.5320398476621282,0.7
256,0.9,CAP:16,M1,1.0,10,0.17076105685298218,-0.4219027366248469,0.7349912632773167,0.6000000000000001
256,0.9,SW:fixed1,M0,1.0,10,0.48079792716762704,-0.8214838731167375,1.730012343606219,0.6000000000000001
256,0.9,SW:fixed1,M1,1.0,10,-0.04349882420566846,-0.09902049202574563,0.0011623259176726242,0.2
256,0.9,SW:fixed3,M0,1.0,10,0.5248307056819064,-0.7886215373331786,1.7873029883819396,0.6000000000000001
256,0.9,SW:fixed3,M1,1.0,10,0.0005339543086108067,0.0,0.0016018629258324202,0.1
256,0.9,SW:fixed10,M0,1.0,10,0.48402497124122523,-0.8145220631749878,1.7565035292325948,0.6000000000000001
256,0.9,SW:fixed10,M1,1.0,10,-0.040271780132070445,-0.12188324901343295,0.0010679086172216135,0.1
256,0.9,SW:fixed30,M0,1.0,10,0.5611644353584697,-0.7450117203963792,1.819450263631786,0.6000000000000001
256,0.9,SW:fixed30,M1,1.0,10,0.036867683985174066,-0.014757978730007703,0.1311381571247013,0.2
256,0.9,BANDIT:8,M0,1.0,10,0.5248307056819064,-0.7843549676637772,1.7671379992174756,0.6000000000000001
256,0.9,BANDIT:8,M1,1.0,10,0.0005339543086108067,0.0,0.0016018629258324202,0.1
256,0.9,BANDIT2:8,M0,1.0,10,0.4940802671533421,-0.8093045930357808,1.7172608962379392,0.6000000000000001
256,0.9,BANDIT2:8,M1,1.0,10,-0.03021648421995369,-0.09225131558569348,0.0010679086172216135,0.1
256,0.9,M0,M1,3.0,10,-4.313171494766408,-5.589778072042483,-3.1217033977089197,0.1
256,0.9,M1,M0,3.0,10,4.313171494766408,3.111789472218216,5.590162428113961,0.9
256,0.9,CAP:8,M0,3.0,10,4.439474333894754,3.135455942412186,5.682440881282314,0.8
256,0.9,CAP:8,M1,3.0,10,0.1263028391283469,-0.513750592383864,0.7420434804722335,0.5
256,0.9,CAP:16,M0,3.0,10,4.573603965040546,3.356460818630803,5.751530507454979,0.8
256,0.9,CAP:16,M1,3.0,10,0.26043247027413796,-0.34454469636378193,0.9048129030212746,0.6000000000000001
256,0.9,SW:fixed1,M0,3.0,10,4.280832716961843,3.0585306876334397,5.566091666891303,0.9
256,0.9,SW:fixed1,M1,3.0,10,-0.03233877780456433,-0.14626152841152606,0.09835961815681724,0.1
256,0.9,SW:fixed3,M0,3.0,10,4.294059350810222,3.12839587065188,5.535690576690859,0.9
256,0.9,SW:fixed3,M1,3.0,10,-0.01911214395618579,-0.07663402984475134,0.01929759797619397,0.1
256,0.9,SW:fixed10,M0,3.0,10,4.294059350810222,3.108313658379501,5.545614083853871,0.9
256,0.9,SW:fixed10,M1,3.0,10,-0.01911214395618579,-0.08609737481284015,0.01929759797619397,0.1
256,0.9,SW:fixed30,M0,3.0,10,4.31352866953152,3.1714824718152848,5.6001902865509825,0.9
256,0.9,SW:fixed30,M1,3.0,10,0.0003571747651124113,-0.02464618597246009,0.025717710267797324,0.1
256,0.9,BANDIT:8,M0,3.0,10,4.275073841094999,3.113586972995443,5.468155131471794,0.9
256,0.9,BANDIT:8,M1,3.0,10,-0.03809765367140887,-0.09561953955997442,0.0,0.0
256,0.9,BANDIT2:8,M0,3.0,10,4.237072669058832,3.087216608292472,5.395715159293236,0.9
256,0.9,BANDIT2:8,M1,3.0,10,-0.0760988257075753,-0.18651427118480612,0.007298970203333699,0.1
256,0.9,M0,M1,10.0,10,-2.1173109392734437,-4.800647237090582,0.0709345172273224,0.30000000000000004
256,0.9,M1,M0,10.0,10,2.1173109392734437,0.03572824009622976,4.5484741036064085,0.7
256,0.9,CAP:8,M0,10.0,10,2.6353747440625774,0.06403939178129835,5.5935619912175145,0.7
256,0.9,CAP:8,M1,10.0,10,0.5180638047891337,-0.7099667627614579,1.7875770903799375,0.7
256,0.9,CAP:16,M0,10.0,10,2.928210959168192,0.6158046103278925,5.482150782539042,0.8
256,0.9,CAP:16,M1,10.0,10,0.8109000198947482,-0.025206195460272154,1.7077949101132546,0.5
256,0.9,SW:fixed1,M0,10.0,10,2.0690210670355436,-0.050164009924288246,4.681891852089981,0.7
256,0.9,SW:fixed1,M1,10.0,10,-0.04828987223789962,-0.14486961671369886,0.0,0.0
256,0.9,SW:fixed3,M0,10.0,10,2.0690210670355436,-0.03850657316336936,4.587159351831998,0.7
256,0.9,SW:fixed3,M1,10.0,10,-0.04828987223789962,-0.14486961671369886,0.0,0.0
256,0.9,SW:fixed10,M0,10.0,10,2.0690210670355436,-0.018922608846945705,4.6105710589150535,0.7
256,0.9,SW:fixed10,M1,10.0,10,-0.04828987223789962,-0.14486961671369886,0.0,0.0
256,0.9,SW:fixed30,M0,10.0,10,2.1216694820726003,0.0807342028511166,4.739105762969937,0.7
256,0.9,SW:fixed30,M1,10.0,10,0.004358542799157128,-0.015620047103941026,0.02869567550141241,0.1
256,0.9,BANDIT:8,M0,10.0,10,2.2021317350053407,0.09323055761356541,4.780384899651254,0.7
256,0.9,BANDIT:8,M1,10.0,10,0.08482079573189746,0.0,0.2544623871956924,0.1
256,0.9,BANDIT2:8,M0,10.0,10,2.0690210670355436,-0.018905398584251276,4.611840485070167,0.7
256,0.9,BANDIT2:8,M1,10.0,10,-0.04828987223789962,-0.14486961671369886,0.0,0.0
256,0.9,M0,M1,30.0,10,4.280741318156917,2.1054862323597927,6.488167820442311,0.9
256,0.9,M1,M0,30.0,10,-4.280741318156917,-6.494221861864832,-2.0084007722930255,0.1
256,0.9,CAP:8,M0,30.0,10,-4.1197638153959755,-6.532300387087714,-1.5143242450323768,0.2
256,0.9,CAP:8,M1,30.0,10,0.16097750276094128,-0.7386539624369327,1.023771794639652,0.6
256,0.9,CAP:16,M0,30.0,10,-3.7006478454438816,-5.939894857217481,-1.5331266917012065,0.2
256,0.9,CAP:16,M1,30.0,10,0.5800934727130354,-0.04158580978059853,1.357974423630947,0.6000000000000001
256,0.9,SW:fixed1,M0,30.0,10,0.184833907847875,-1.2300408674774,1.7348644777813116,0.6000000000000001
256,0.9,SW:fixed1,M1,30.0,10,4.465575226004792,2.0489864262525246,6.979180181543328,0.7
256,0.9,SW:fixed3,M0,30.0,10,-0.4389075092491398,-1.5720453086835044,0.6629763846490819,0.5
256,0.9,SW:fixed3,M1,30.0,10,3.8418338089077766,2.1367161666509746,5.608298583403254,0.8
256,0.9,SW:fixed10,M0,30.0,10,-2.12204879990343,-3.5868313207732543,-0.5449205482300938,0.4
256,0.9,SW:fixed10,M1,30.0,10,2.1586925182534866,0.817684914254882,3.561149979910855,0.7
256,0.9,SW:fixed30,M0,30.0,10,-4.229193182091581,-6.7017035218438314,-1.9028872205054472,0.1
256,0.9,SW:fixed30,M1,30.0,10,0.05154813606533608,-0.33718097094836197,0.5142864307873276,0.30000000000000004
256,0.9,BANDIT:8,M0,30.0,10,-3.813398676991089,-6.04166876796924,-1.5710039448334452,0.1
256,0.9,BANDIT:8,M1,30.0,10,0.46734264116582747,-0.23659938846822506,1.2438364150207248,0.30000000000000004
256,0.9,BANDIT2:8,M0,30.0,10,-0.43401543728848896,-2.2351360786821486,1.4078226368570979,0.5
256,0.9,BANDIT2:8,M1,30.0,10,3.8467258808684273,1.6183587416576595,6.152233966297394,0.7
256,0.9,M0,M1,60.0,10,4.4404011491547415,2.1245943101336993,6.5493223389830115,0.9
256,0.9,M1,M0,60.0,10,-4.4404011491547415,-6.546243969148441,-2.1771607600700738,0.1
256,0.9,CAP:8,M0,60.0,10,-4.000300834265227,-6.379281781789225,-1.468943350756332,0.2
256,0.9,CAP:8,M1,60.0,10,0.4401003148895148,-0.6043082579764769,1.5111809069876654,0.7
256,0.9,CAP:16,M0,60.0,10,-4.007695102699667,-6.325491543954157,-1.5557592989108804,0.2
256,0.9,CAP:16,M1,60.0,10,0.4327060464550746,-0.2962943282398403,1.2971254131040104,0.6
256,0.9,SW:fixed1,M0,60.0,10,0.5967847161363562,-0.459964169898244,1.7146267525556236,0.7
256,0.9,SW:fixed1,M1,60.0,10,5.037185865291097,2.929701116161684,7.036675340505406,1.0
256,0.9,SW:fixed3,M0,60.0,10,-0.09935803137419885,-1.088487678987348,0.8198397881823719,0.5
256,0.9,SW:fixed3,M1,60.0,10,4.341043117780542,2.369621568904355,6.113743585199992,0.8
256,0.9,SW:fixed10,M0,60.0,10,0.03601172864768565,-1.619863943726947,1.612917609662567,0.7
256,0.9,SW:fixed10,M1,60.0,10,4.476412877802427,2.593749364191129,6.469869085022835,0.9
256,0.9,SW:fixed30,M0,60.0,10,-1.076887668175186,-2.3794165462105514,0.26680179214081495,0.4
256,0.9,SW:fixed30,M1,60.0,10,3.3635134809795555,1.356342735966356,5.593384136207069,0.8
256,0.9,BANDIT:8,M0,60.0,10,-0.17212445349528027,-0.934752280385361,0.600665210299652,0.4
256,0.9,BANDIT:8,M1,60.0,10,4.268276695659461,1.8981429078665535,6.491767124976015,0.7
256,0.9,BANDIT2:8,M0,60.0,10,-0.6203753536460163,-2.4361964497377975,1.18931851083816,0.5
256,0.9,BANDIT2:8,M1,60.0,10,3.820025795508725,1.792758366200487,6.008028654603441,0.8
256,0.95,M0,M1,0.0,10,0.0,0.0,0.0,0.0
256,0.95,M1,M0,0.0,10,0.0,0.0,0.0,0.0
256,0.95,CAP:8,M0,0.0,10,0.0,0.0,0.0,0.0
256,0.95,CAP:8,M1,0.0,10,0.0,0.0,0.0,0.0
256,0.95,CAP:16,M0,0.0,10,0.0,0.0,0.0,0.0
256,0.95,CAP:16,M1,0.0,10,0.0,0.0,0.0,0.0
256,0.95,SW:fixed1,M0,0.0,10,0.0,0.0,0.0,0.0
256,0.95,SW:fixed1,M1,0.0,10,0.0,0.0,0.0,0.0
256,0.95,SW:fixed3,M0,0.0,10,0.0,0.0,0.0,0.0
256,0.95,SW:fixed3,M1,0.0,10,0.0,0.0,0.0,0.0
256,0.95,SW:fixed10,M0,0.0,10,0.0,0.0,0.0,0.0
256,0.95,SW:fixed10,M1,0.0,10,0.0,0.0,0.0,0.0
256,0.95,SW:fixed30,M0,0.0,10,0.0,0.0,0.0,0.0
256,0.95,SW:fixed30,M1,0.0,10,0.0,0.0,0.0,0.0
256,0.95,BANDIT:8,M0,0.0,10,0.0,0.0,0.0,0.0
256,0.95,BANDIT:8,M1,0.0,10,0.0,0.0,0.0,0.0
256,0.95,BANDIT2:8,M0,0.0,10,0.0,0.0,0.0,0.0
256,0.95,BANDIT2:8,M1,0.0,10,0.0,0.0,0.0,0.0
256,0.95,M0,M1,0.1,10,0.8097985742559668,0.1332497676912965,1.564505323477926,0.6
256,0.95,M1,M0,0.1,10,-0.8097985742559668,-1.5641332403450792,-0.14644993763537656,0.30000000000000004
256,0.95,CAP:8,M0,0.1,10,-0.7285068484460993,-1.445935227482242,-0.08375651542188199,0.30000000000000004
256,0.95,CAP:8,M1,0.1,10,0.0812917258098676,-0.029055616968643373,0.193214729771855,0.3
256,0.95,CAP:16,M0,0.1,10,-0.7180704052534586,-1.458834869614862,-0.08858104907855602,0.30000000000000004
256,0.95,CAP:16,M1,0.1,10,0.09172816900250819,-0.02017906633866691,0.20564331857101725,0.4
256,0.95,SW:fixed1,M0,0.1,10,-0.8097985742559668,-1.5686740982393106,-0.1268888294495293,0.30000000000000004
256,0.95,SW:fixed1,M1,0.1,10,0.0,0.0,0.0,0.0
256,0.95,SW:fixed3,M0,0.1,10,-0.8097985742559668,-1.5892511866635086,-0.15717755261718666,0.30000000000000004
256,0.95,SW:fixed3,M1,0.1,10,0.0,0.0,0.0,0.0
256,0.95,SW:fixed10,M0,0.1,10,-0.8097985742559668,-1.5841777655590796,-0.14099009424474418,0.30000000000000004
256,0.95,SW:fixed10,M1,0.1,10,0.0,0.0,0.0,0.0
256,0.95,SW:fixed30,M0,0.1,10,-0.8097985742559668,-1.556385847181162,-0.14359664355557716,0.30000000000000004
256,0.95,SW:fixed30,M1,0.1,10,0.0,0.0,0.0,0.0
256,0.95,BANDIT:8,M0,0.1,10,-0.8097985742559668,-1.5721445682799198,-0.14962163886355356,0.30000000000000004
256,0.95,BANDIT:8,M1,0.1,10,0.0,0.0,0.0,0.0
256,0.95,BANDIT2:8,M0,0.1,10,-0.8097985742559668,-1.5843430435511603,-0.13130597377437506,0.30000000000000004
256,0.95,BANDIT2:8,M1,0.1,10,0.0,0.0,0.0,0.0
256,0.95,M0,M1,0.3,10,1.116257935870807,0.3997690984238586,1.864837992029344,0.7
256,0.95,M1,M0,0.3,10,-1.116257935870807,-1.83353223782247,-0.443226639675232,0.30000000000000004
256,0.95,CAP:8,M0,0.3,10,-1.0263929600665067,-1.6874326926930867,-0.37202145759715777,0.30000000000000004
256,0.95,CAP:8,M1,0.3,10,0.08986497580429995,-0.006071364990137209,0.19795167992316196,0.6
256,0.95,CAP:16,M0,0.3,10,-1.0434849343366208,-1.710749948868269,-0.3871840380918226,0.30000000000000004
256,0.95,CAP:16,M1,0.3,10,0.07277300153418581,-0.00932506296891411,0.1654296892481192,0.6
256,0.95,SW:fixed1,M0,0.3,10,-1.1129523459501869,-1.8202446572168993,-0.41034280805470236,0.30000000000000004
256,0.95,SW:fixed1,M1,0.3,10,0.0033055899206197725,0.0,0.008883769487234511,0.2
256,0.95,SW:fixed3,M0,0.3,10,-1.1134688460874993,-1.8534545800165185,-0.4163704382277594,0.30000000000000004
256,0.95,SW:fixed3,M1,0.3,10,0.0027890897833073693,0.0,0.008367269349922107,0.1
256,0.95,SW:fixed10,M0,0.3,10,-1.098870186127113,-1.8132588901303186,-0.4005396182800596,0.30000000000000004
256,0.95,SW:fixed10,M1,0.3,10,0.01738774974369387,0.0,0.05216324923108162,0.1
256,0.95,SW:fixed30,M0,0.3,10,-1.1129523459501869,-1.8202648614626593,-0.41645418211506585,0.30000000000000004
256,0.95,SW:fixed30,M1,0.3,10,0.0033055899206197725,0.0,0.008883769487234511,0.2
256,0.95,BANDIT:8,M0,0.3,10,-1.1129523459501869,-1.833113041898315,-0.4084628595637498,0.30000000000000004
256,0.95,BANDIT:8,M1,0.3,10,0.0033055899206197725,0.0,0.008883769487234511,0.2
256,0.95,BANDIT2:8,M0,0.3,10,-1.098870186127113,-1.8369674795245716,-0.40130582854372154,0.30000000000000004
256,0.95,BANDIT2:8,M1,0.3,10,0.01738774974369387,0.0,0.05216324923108162,0.1
256,0.95,M0,M1,1.0,10,0.84511106971567,0.1302871217342694,1.4574142858700652,0.6000000000000001
256,0.95,M1,M0,1.0,10,-0.84511106971567,-1.4421352962503586,-0.1200719107417984,0.4
256,0.95,CAP:8,M0,1.0,10,-0.6750643601520934,-1.162053543056382,-0.09767056408645917,0.4
256,0.95,CAP:8,M1,1.0,10,0.17004670956357645,-0.07815611260647856,0.48927954091427694,0.7
256,0.95,CAP:16,M0,1.0,10,-0.6703612415874053,-1.2059221240469673,0.008257088233836571,0.4
256,0.95,CAP:16,M1,1.0,10,0.17474982812826467,-0.09368816003371015,0.4882268725902856,0.8
256,0.95,SW:fixed1,M0,1.0,10,-0.843829962372853,-1.4771268488511424,-0.1335355672762139,0.4
256,0.95,SW:fixed1,M1,1.0,10,0.0012811073428167952,0.0,0.0038433220284503854,0.1
256,0.95,SW:fixed3,M0,1.0,10,-0.84511106971567,-1.4549608295668601,-0.13117445472541145,0.4
256,0.95,SW:fixed3,M1,1.0,10,0.0,0.0,0.0,0.0
256,0.95,SW:fixed10,M0,1.0,10,-0.843829962372853,-1.450852535665505,-0.13218901625354956,0.4
256,0.95,SW:fixed10,M1,1.0,10,0.0012811073428167952,0.0,0.0038433220284503854,0.1
256,0.95,SW:fixed30,M0,1.0,10,-0.84511106971567,-1.4605630479543834,-0.12511629984240646,0.4
256,0.95,SW:fixed30,M1,1.0,10,0.0,0.0,0.0,0.0
256,0.95,BANDIT:8,M0,1.0,10,-0.84511106971567,-1.4646566146310416,-0.13439103942272432,0.4
256,0.95,BANDIT:8,M1,1.0,10,0.0,0.0,0.0,0.0
256,0.95,BANDIT2:8,M0,1.0,10,-0.843829962372853,-1.4730000942305854,-0.13079227251639705,0.4
256,0.95,BANDIT2:8,M1,1.0,10,0.0012811073428167952,0.0,0.0038433220284503854,0.1
256,0.95,M0,M1,3.0,10,-1.0683073538050483,-2.1534220154045194,-0.07104334224517661,0.2
256,0.95,M1,M0,3.0,10,1.0683073538050483,0.012792690888332663,2.132434913522438,0.8
256,0.95,CAP:8,M0,3.0,10,1.001238523197932,-0.16318511593737217,2.2594379840275174,0.7
256,0.95,CAP:8,M1,3.0,10,-0.06706883060711652,-0.6739378081658464,0.698814970388785,0.30000000000000004
256,0.95,CAP:16,M0,3.0,10,1.3167844837304963,0.02394136791341828,2.5916055739173873,0.7
256,0.95,CAP:16,M1,3.0,10,0.24847712992544757,-0.5046348149663928,1.0729203502637454,0.7
256,0.95,SW:fixed1,M0,3.0,10,1.0356498851592655,0.023648691539651046,2.1151268295487755,0.8
256,0.95,SW:fixed1,M1,3.0,10,-0.032657468645783005,-0.12348381533842914,0.04572299743202497,0.30000000000000004
256,0.95,SW:fixed3,M0,3.0,10,1.075594864553888,0.05348504871947898,2.1743354986934036,0.8
256,0.95,SW:fixed3,M1,3.0,10,0.007287510748839529,-0.0818550147494892,0.08316101859455476,0.4
256,0.95,SW:fixed10,M0,3.0,10,1.0628093912639345,0.06026567322312679,2.169199364423191,0.8
256,0.95,SW:fixed10,M1,3.0,10,-0.005497962541114142,-0.055504883568592865,0.04287733368018176,0.2
256,0.95,SW:fixed30,M0,3.0,10,1.0133140137845813,-0.05694386265779617,2.163233831439294,0.7
256,0.95,SW:fixed30,M1,3.0,10,-0.054993340020467234,-0.17195824875498245,0.04124570887399894,0.1
256,0.95,BANDIT:8,M0,3.0,10,1.033467525028366,-0.043479293521072014,2.1587109540073564,0.8
256,0.95,BANDIT:8,M1,3.0,10,-0.0348398287766825,-0.13123001936510909,0.04124570887399894,0.1
256,0.95,BANDIT2:8,M0,3.0,10,1.0418605982452513,0.04694966489756695,2.1448302792321234,0.8
256,0.95,BANDIT2:8,M1,3.0,10,-0.0264467555597971,-0.11259788010715134,0.045610429135797936,0.30000000000000004
256,0.95,M0,M1,10.0,10,0.49833561637937696,-2.1414905283131698,2.9704795293683945,0.6
256,0.95,M1,M0,10.0,10,-0.49833561637937696,-2.9525015579576928,2.0893637084014083,0.4
256,0.95,CAP:8,M0,10.0,10,0.1395943719047737,-2.6875462182333276,3.070611835248903,0.4
256,0.95,CAP:8,M1,10.0,10,0.6379299882841507,-0.14504174013849086,1.558387777166222,0.7
256,0.95,CAP:16,M0,10.0,10,0.4830966578892306,-1.9924072580037164,3.1966582907130796,0.4
256,0.95,CAP:16,M1,10.0,10,0.9814322742686075,0.019987931057850017,1.9446363268819808,0.7
256,0.95,SW:fixed1,M0,10.0,10,-0.21875987948919906,-2.5671540458923086,2.2463081089669714,0.4
256,0.95,SW:fixed1,M1,10.0,10,0.2795757368901778,-0.08658764266651628,0.9515569470165341,0.1
256,0.95,SW:fixed3,M0,10.0,10,-0.3438833526475961,-2.773345264016334,2.2379004419542046,0.4
256,0.95,SW:fixed3,M1,10.0,10,0.15445226373178073,-0.08717106083280228,0.5761865275413431,0.1
256,0.95,SW:fixed10,M0,10.0,10,-0.38307390141126707,-2.9272143415758363,2.327486522411614,0.4
256,0.95,SW:fixed10,M1,10.0,10,0.11526171496810989,0.0005623147414477005,0.24868035923922668,0.4
256,0.95,SW:fixed30,M0,10.0,10,-0.42308087352650114,-2.9100586391040735,2.1389593303165313,0.4
256,0.95,SW:fixed30,M1,10.0,10,0.07525474285287563,-0.01593733414719655,0.22664043713504203,0.5
256,0.95,BANDIT:8,M0,10.0,10,-0.41501648439721717,-2.9618087378466047,2.246705574151809,0.4
256,0.95,BANDIT:8,M1,10.0,10,0.08331913198215962,-0.006797410382349333,0.20510748014122582,0.5
256,0.95,BANDIT2:8,M0,10.0,10,-0.41162433757030115,-2.8183765915687164,2.0863969831474223,0.4
256,0.95,BANDIT2:8,M1,10.0,10,0.08671127880907567,-0.09558835692042429,0.37296357277322806,0.1
256,0.95,M0,M1,30.0,10,2.8081454703761453,-0.19633823454512436,5.454623876501055,0.7
256,0.95,M1,M0,30.0,10,-2.8081454703761453,-5.468115306194617,0.16663179537722,0.30000000000000004
256,0.95,CAP:8,M0,30.0,10,-1.9999161842354125,-5.236250324291748,1.602966954248448,0.30000000000000004
256,0.95,CAP:8,M1,30.0,10,0.8082292861407325,-0.010068236762824905,1.752542531688471,0.7
256,0.95,CAP:16,M0,30.0,10,-1.584701407862473,-4.449129776751465,1.9383390665521096,0.30000000000000004
256,0.95,CAP:16,M1,30.0,10,1.2234440625136722,0.2850246220045569,2.2177594334547384,0.7
256,0.95,SW:fixed1,M0,30.0,10,-0.7896849435962358,-3.5186455535756616,2.092447165416765,0.4
256,0.95,SW:fixed1,M1,30.0,10,2.0184605267799096,-0.3090020408534196,5.454567836149345,0.30000000000000004
256,0.95,SW:fixed3,M0,30.0,10,-1.2670478627421278,-3.8897288612535057,1.4663038915614166,0.4
256,0.95,SW:fixed3,M1,30.0,10,1.5410976076340177,0.06196165277601366,4.327013401002273,0.6
256,0.95,SW:fixed10,M0,30.0,10,-2.179204448925074,-4.4178204423456995,0.3741050862597541,0.30000000000000004
256,0.95,SW:fixed10,M1,30.0,10,0.6289410214510712,-0.3348085014100711,2.1353171030302747,0.4
256,0.95,SW:fixed30,M0,30.0,10,-2.7126254902380627,-5.491753122012417,0.3233572783591928,0.30000000000000004
256,0.95,SW:fixed30,M1,30.0,10,0.09551998013808297,-0.1319529802413555,0.33373751290476916,0.6000000000000001
256,0.95,BANDIT:8,M0,30.0,10,-2.0544069174604256,-4.379719839681953,0.5433154654874726,0.30000000000000004
256,0.95,BANDIT:8,M1,30.0,10,0.7537385529157198,-0.024965357313055363,2.0454979134007134,0.4
256,0.95,BANDIT2:8,M0,30.0,10,-1.9023968754645706,-3.856351423351103,0.2446575682159115,0.30000000000000004
256,0.95,BANDIT2:8,M1,30.0,10,0.9057485949115747,-0.3738375330783355,2.4527557253403436,0.30000000000000004
256,0.95,M0,M1,60.0,10,3.538516798654966,0.4823947933562774,6.422647990824141,0.7
256,0.95,M1,M0,60.0,10,-3.538516798654966,-6.368716343327281,-0.6251132964351491,0.30000000000000004
256,0.95,CAP:8,M0,60.0,10,-2.6929975819136964,-5.965071401225462,0.7525991958369739,0.30000000000000004
256,0.95,CAP:8,M1,60.0,10,0.845519216741269,-0.07406581034875191,1.7893364699340617,0.7
256,0.95,CAP:16,M0,60.0,10,-2.2112986261097523,-5.064837364726505,0.944336479377652,0.30000000000000004
256,0.95,CAP:16,M1,60.0,10,1.3272181725452128,0.6682881804981181,1.9649524596589538,0.9
256,0.95,SW:fixed1,M0,60.0,10,-0.597608076500698,-3.3943046741004532,2.4893230006487785,0.4
256,0.95,SW:fixed1,M1,60.0,10,2.9409087221542674,0.5525378580288411,6.180806998025456,0.6000000000000001
256,0.95,SW:fixed3,M0,60.0,10,-0.8966614292074118,-3.742162599250865,1.9963690595326182,0.5
256,0.95,SW:fixed3,M1,60.0,10,2.6418553694475535,0.7346177990512791,4.931307509118741,0.6000000000000001
256,0.95,SW:fixed10,M0,60.0,10,-1.5261457751615843,-3.8135883332546183,0.8580072032566946,0.4
256,0.95,SW:fixed10,M1,60.0,10,2.0123710234933814,0.03773345224716309,4.684884659844015,0.5
256,0.95,SW:fixed30,M0,60.0,10,-2.0433587409333267,-4.824650525604533,0.9989926516131533,0.30000000000000004
256,0.95,SW:fixed30,M1,60.0,10,1.4951580577216388,0.3079000491989116,2.8495009684003065,0.6
256,0.95,BANDIT:8,M0,60.0,10,-1.7148193232273345,-4.307475498401028,0.6515039929803821,0.4
256,0.95,BANDIT:8,M1,60.0,10,1.8236974754276312,-0.40146718863756836,5.143188643563276,0.30000000000000004
256,0.95,BANDIT2:8,M0,60.0,10,-1.2080393801998481,-3.522908634103593,1.7155017319048478,0.2
256,0.95,BANDIT2:8,M1,60.0,10,2.3304774184551174,0.6720750136555401,3.9338289997738634,0.8
