n,fill,method,budget_s,instances,improvement_pct,mean_rank
32,0.9,M0,0.0,10,0.0,5.5
32,0.9,M1,0.0,10,0.0,5.5
32,0.9,CAP:8,0.0,10,0.0,5.5
32,0.9,CAP:16,0.0,10,0.0,5.5
32,0.9,SW:fixed1,0.0,10,0.0,5.5
32,0.9,SW:fixed3,0.0,10,0.0,5.5
32,0.9,SW:fixed10,0.0,10,0.0,5.5
32,0.9,SW:fixed30,0.0,10,0.0,5.5
32,0.9,BANDIT:8,0.0,10,0.0,5.5
32,0.9,BANDIT2:8,0.0,10,0.0,5.5
32,0.9,M0,0.1,10,14.00872741793803,3.1
32,0.9,M1,0.1,10,12.475861529307632,6.0
32,0.9,CAP:8,0.1,10,14.160899486976382,4.3
32,0.9,CAP:16,0.1,10,14.407470938263403,3.25
32,0.9,SW:fixed1,0.1,10,13.260474307560694,5.0
32,0.9,SW:fixed3,0.1,10,12.427244202081283,6.1
32,0.9,SW:fixed10,0.1,10,12.431746778844026,6.75
32,0.9,SW:fixed30,0.1,10,12.346054434902491,6.3
32,0.9,BANDIT:8,0.1,10,12.510483860664763,7.0
32,0.9,BANDIT2:8,0.1,10,12.380092795008398,7.2
32,0.9,M0,0.3,10,17.89030706991477,3.3
32,0.9,M1,0.3,10,14.67437356539116,5.8
32,0.9,CAP:8,0.3,10,15.012574090528325,5.75
32,0.9,CAP:16,0.3,10,16.141635329778428,3.1
32,0.9,SW:fixed1,0.3,10,15.107948915975811,6.65
32,0.9,SW:fixed3,0.3,10,13.771901723462584,7.45
32,0.9,SW:fixed10,0.3,10,14.86391991066822,4.95
32,0.9,SW:fixed30,0.3,10,13.574502193926183,7.5
32,0.9,BANDIT:8,0.3,10,16.24401464218941,4.85
32,0.9,BANDIT2:8,0.3,10,15.395132533444837,5.65
32,0.9,M0,1.0,10,20.0319770301712,4.8
32,0.9,M1,1.0,10,18.756548676947638,5.4
32,0.9,CAP:8,1.0,10,18.688627593959225,5.4
32,0.9,CAP:16,1.0,10,18.421897122581747,5.5
32,0.9,SW:fixed1,1.0,10,18.0106362553064,6.0
32,0.9,SW:fixed3,1.0,10,17.383553196843945,6.5
32,0.9,SW:fixed10,1.0,10,17.904114069154453,4.8
32,0.9,SW:fixed30,1.0,10,17.465721438078596,7.35
32,0.9,BANDIT:8,1.0,10,20.293925475958183,4.6
32,0.9,BANDIT2:8,1.0,10,20.48139969001997,4.65
32,0.9,M0,3.0,10,21.804860344336817,5.8
32,0.9,M1,3.0,10,22.123981694933768,5.0
32,0.9,CAP:8,3.0,10,22.608580349381732,4.1
32,0.9,CAP:16,3.0,10,21.383091752077135,6.2
32,0.9,SW:fixed1,3.0,10,20.767040908050074,7.3
32,0.9,SW:fixed3,3.0,10,21.06047866422449,6.3
32,0.9,SW:fixed10,3.0,10,21.219119115890265,5.9
32,0.9,SW:fixed30,3.0,10,21.00297633671436,5.7
32,0.9,BANDIT:8,3.0,10,23.482199722922864,4.2
32,0.9,BANDIT2:8,3.0,10,23.245904581363355,4.5
32,0.9,M0,10.0,10,23.46044732210376,7.6
32,0.9,M1,10.0,10,24.732710290340805,5.0
32,0.9,CAP:8,10.0,10,25.874814801893496,4.4
32,0.9,CAP:16,10.0,10,24.497759189356813,6.0
32,0.9,SW:fixed1,10.0,10,22.54737838488734,8.3
32,0.9,SW:fixed3,10.0,10,23.828309774871315,7.0
32,0.9,SW:fixed10,10.0,10,25.385616955826013,4.6
32,0.9,SW:fixed30,10.0,10,25.199635014230235,4.2
32,0.9,BANDIT:8,10.0,10,27.063943733798723,2.9
32,0.9,BANDIT2:8,10.0,10,25.71592658048477,5.0
32,0.9,M0,30.0,10,25.261302870215104,7.1
32,0.9,M1,30.0,10,27.68903032929697,4.5
32,0.9,CAP:8,30.0,10,27.556813145813514,3.6
32,0.9,CAP:16,30.0,10,27.730730451891517,3.5
32,0.9,SW:fixed1,30.0,10,24.36820258927188,9.0
32,0.9,SW:fixed3,30.0,10,24.677419380990237,8.3
32,0.9,SW:fixed10,30.0,10,25.664220142014972,6.8
32,0.9,SW:fixed30,30.0,10,26.786526195485898,4.7
32,0.9,BANDIT:8,30.0,10,28.11270078512092,3.0
32,0.9,BANDIT2:8,30.0,10,27.177596102293265,4.5
32,0.9,M0,60.0,10,25.785677577550153,7.4
32,0.9,M1,60.0,10,28.786243027613565,4.0
32,0.9,CAP:8,60.0,10,28.629794870497676,3.5
32,0.9,CAP:16,60.0,10,29.567584629952023,2.4
32,0.9,SW:fixed1,60.0,10,24.785348401378897,8.7
32,0.9,SW:fixed3,60.0,10,25.19422286964746,8.4
32,0.9,SW:fixed10,60.0,10,26.138190586421665,7.2
32,0.9,SW:fixed30,60.0,10,27.350846307970944,5.7
32,0.9,BANDIT:8,60.0,10,28.82959070201309,3.6
32,0.9,BANDIT2:8,60.0,10,28.103675777664172,4.1
32,0.95,M0,0.0,9,0.0,5.5
32,0.95,M1,0.0,9,0.0,5.5
32,0.95,CAP:8,0.0,9,0.0,5.5
32,0.95,CAP:16,0.0,9,0.0,5.5
32,0.95,SW:fixed1,0.0,9,0.0,5.5
32,0.95,SW:fixed3,0.0,9,0.0,5.5
32,0.95,SW:fixed10,0.0,9,0.0,5.5
32,0.95,SW:fixed30,0.0,9,0.0,5.5
32,0.95,BANDIT:8,0.0,9,0.0,5.5
32,0.95,BANDIT2:8,0.0,9,0.0,5.5
32,0.95,M0,0.1,9,6.397581643471467,5.777777777777778
32,0.95,M1,0.1,9,7.969772546660364,5.777777777777778
32,0.95,CAP:8,0.1,9,8.517216386574646,5.777777777777778
32,0.95,CAP:16,0.1,9,8.382272592683451,5.222222222222222
32,0.95,SW:fixed1,0.1,9,8.068897531634992,6.0
32,0.95,SW:fixed3,0.1,9,7.995737087414018,5.944444444444445
32,0.95,SW:fixed10,0.1,9,8.050005466935904,5.388888888888889
32,0.95,SW:fixed30,0.1,9,8.652599856769854,4.222222222222222
32,0.95,BANDIT:8,0.1,9,8.141247537117115,5.388888888888889
32,0.95,BANDIT2:8,0.1,9,8.31430557505536,5.5
32,0.95,M0,0.3,9,10.366774297318194,4.555555555555555
32,0.95,M1,0.3,9,9.66384322967192,5.777777777777778
32,0.95,CAP:8,0.3,9,10.006943822689554,4.555555555555555
32,0.95,CAP:16,0.3,9,9.613240165072687,5.111111111111111
32,0.95,SW:fixed1,0.3,9,8.600046170550637,7.722222222222222
32,0.95,SW:fixed3,0.3,9,9.91746760646426,4.666666666666667
32,0.95,SW:fixed10,0.3,9,9.835890566302897,5.944444444444445
32,0.95,SW:fixed30,0.3,9,10.677469928832705,4.222222222222222
32,0.95,BANDIT:8,0.3,9,8.819735634373469,7.166666666666667
32,0.95,BANDIT2:8,0.3,9,10.491729135019726,5.277777777777778
32,0.95,M0,1.0,9,12.009114021277092,5.333333333333333
32,0.95,M1,1.0,9,11.207700056860142,6.222222222222222
32,0.95,CAP:8,1.0,9,12.120486477121247,4.333333333333333
32,0.95,CAP:16,1.0,9,11.135209962638797,6.111111111111111
32,0.95,SW:fixed1,1.0,9,10.330701204930449,7.111111111111111
32,0.95,SW:fixed3,1.0,9,12.050969565637573,4.555555555555555
32,0.95,SW:fixed10,1.0,9,11.617000586218225,5.888888888888889
32,0.95,SW:fixed30,1.0,9,11.593639447161724,5.888888888888889
32,0.95,BANDIT:8,1.0,9,12.18402558735254,4.666666666666667
32,0.95,BANDIT2:8,1.0,9,13.74068724877247,4.888888888888889
32,0.95,M0,3.0,9,13.478854919817918,6.444444444444445
32,0.95,M1,3.0,9,13.742219253009418,6.888888888888889
32,0.95,CAP:8,3.0,9,13.694600915734263,7.0
32,0.95,CAP:16,3.0,9,14.450149713360105,5.555555555555555
32,0.95,SW:fixed1,3.0,9,14.197162995700246,6.333333333333333
32,0.95,SW:fixed3,3.0,9,15.502698014168132,4.555555555555555
32,0.95,SW:fixed10,3.0,9,14.577128627587456,4.888888888888889
32,0.95,SW:fixed30,3.0,9,15.019124835877292,5.0
32,0.95,BANDIT:8,3.0,9,16.59232305439069,3.6666666666666665
32,0.95,BANDIT2:8,3.0,9,16.40518335588729,4.666666666666667
32,0.95,M0,10.0,9,16.849175816316286,5.888888888888889
32,0.95,M1,10.0,9,16.7068272399893,5.666666666666667
32,0.95,CAP:8,10.0,9,15.737324239950595,6.333333333333333
32,0.95,CAP:16,10.0,9,15.940734769817599,7.111111111111111
32,0.95,SW:fixed1,10.0,9,17.947491103152508,5.111111111111111
32,0.95,SW:fixed3,10.0,9,17.592354610500337,5.666666666666667
32,0.95,SW:fixed10,10.0,9,17.49088363769362,5.666666666666667
32,0.95,SW:fixed30,10.0,9,17.40282677382639,4.888888888888889
32,0.95,BANDIT:8,10.0,9,19.606526394662986,3.5555555555555554
32,0.95,BANDIT2:8,10.0,9,19.201979177426793,5.111111111111111
32,0.95,M0,30.0,9,19.36314355108521,6.555555555555555
32,0.95,M1,30.0,9,18.710582562631387,5.555555555555555
32,0.95,CAP:8,30.0,9,17.74204776559039,6.0
32,0.95,CAP:16,30.0,9,19.46167182656054,5.444444444444445
32,0.95,SW:fixed1,30.0,9,20.15974707576939,5.555555555555555
32,0.95,SW:fixed3,30.0,9,18.946529771394083,7.444444444444445
32,0.95,SW:fixed10,30.0,9,18.538974291479214,6.555555555555555
32,0.95,SW:fixed30,30.0,9,20.52128239992146,4.0
32,0.95,BANDIT:8,30.0,9,21.718397380674354,3.6666666666666665
32,0.95,BANDIT2:8,30.0,9,21.92589062412071,4.222222222222222
32,0.95,M0,60.0,9,20.57761385534773,6.777777777777778
32,0.95,M1,60.0,9,20.134629681492783,6.111111111111111
32,0.95,CAP:8,60.0,9,20.960187928957826,5.111111111111111
32,0.95,CAP:16,60.0,9,19.93879776450242,5.777777777777778
32,0.95,SW:fixed1,60.0,9,21.25449564810279,6.444444444444445
32,0.95,SW:fixed3,60.0,9,19.903693071883048,7.888888888888889
32,0.95,SW:fixed10,60.0,9,20.42296611981959,6.333333333333333
32,0.95,SW:fixed30,60.0,9,22.5527235221314,3.2222222222222223
32,0.95,BANDIT:8,60.0,9,22.524616333755738,4.111111111111111
32,0.95,BANDIT2:8,60.0,9,23.212885602233655,3.2222222222222223
64,0.9,M0,0.0,10,0.0,5.5
64,0.9,M1,0.0,10,0.0,5.5
64,0.9,CAP:8,0.0,10,0.0,5.5
64,0.9,CAP:16,0.0,10,0.0,5.5
64,0.9,SW:fixed1,0.0,10,0.0,5.5
64,0.9,SW:fixed3,0.0,10,0.0,5.5
64,0.9,SW:fixed10,0.0,10,0.0,5.5
64,0.9,SW:fixed30,0.0,10,0.0,5.5
64,0.9,BANDIT:8,0.0,10,0.0,5.5
64,0.9,BANDIT2:8,0.0,10,0.0,5.5
64,0.9,M0,0.1,10,5.670159470283607,5.5
64,0.9,M1,0.1,10,6.295134119427038,4.7
64,0.9,CAP:8,0.1,10,5.240930167691435,7.75
64,0.9,CAP:16,0.1,10,5.430948721826031,7.15
64,0.9,SW:fixed1,0.1,10,6.31059923373933,4.35
64,0.9,SW:fixed3,0.1,10,6.051898729156479,5.5
64,0.9,SW:fixed10,0.1,10,6.172597188398035,5.15
64,0.9,SW:fixed30,0.1,10,6.172597188398035,5.15
64,0.9,BANDIT:8,0.1,10,6.203398514298469,4.7
64,0.9,BANDIT2:8,0.1,10,6.187933399986177,5.05
64,0.9,M0,0.3,10,14.631574346907467,5.0
64,0.9,M1,0.3,10,14.596816094246027,5.65
64,0.9,CAP:8,0.3,10,14.954183313970436,5.1
64,0.9,CAP:16,0.3,10,14.22117021888673,6.2
64,0.9,SW:fixed1,0.3,10,14.68965244079033,5.3
64,0.9,SW:fixed3,0.3,10,14.749258629024652,5.6
64,0.9,SW:fixed10,0.3,10,14.539980037470286,6.05
64,0.9,SW:fixed30,0.3,10,14.657097881007969,5.35
64,0.9,BANDIT:8,0.3,10,14.660893219214724,4.7
64,0.9,BANDIT2:8,0.3,10,14.539980037470286,6.05
64,0.9,M0,1.0,10,22.606939612031603,1.2
64,0.9,M1,1.0,10,15.808697028311864,6.65
64,0.9,CAP:8,1.0,10,16.550122153579167,5.35
64,0.9,CAP:16,1.0,10,16.831362567186726,4.95
64,0.9,SW:fixed1,1.0,10,15.675065893378049,6.95
64,0.9,SW:fixed3,1.0,10,15.753055438065294,6.85
64,0.9,SW:fixed10,1.0,10,15.852568471732738,5.4
64,0.9,SW:fixed30,1.0,10,15.521056653519443,6.35
64,0.9,BANDIT:8,1.0,10,15.85334585767686,6.65
64,0.9,BANDIT2:8,1.0,10,18.52364204848483,4.65
64,0.9,M0,3.0,10,24.34853719239616,2.2
64,0.9,M1,3.0,10,19.068206144782827,6.55
64,0.9,CAP:8,3.0,10,17.577492205462313,6.7
64,0.9,CAP:16,3.0,10,19.148974036770902,5.85
64,0.9,SW:fixed1,3.0,10,23.30362343927132,3.65
64,0.9,SW:fixed3,3.0,10,17.27056493948391,7.15
64,0.9,SW:fixed10,3.0,10,17.273245629734724,7.05
64,0.9,SW:fixed30,3.0,10,17.48442755808894,6.9
64,0.9,BANDIT:8,3.0,10,22.82189082032493,3.15
64,0.9,BANDIT2:8,3.0,10,21.688657198302344,5.8
64,0.9,M0,10.0,10,25.41172983640113,3.2
64,0.9,M1,10.0,10,21.6936936307195,6.6
64,0.9,CAP:8,10.0,10,20.127641329318116,7.8
64,0.9,CAP:16,10.0,10,21.60101843268886,6.8
64,0.9,SW:fixed1,10.0,10,25.47054098870513,2.5
64,0.9,SW:fixed3,10.0,10,25.51776851716047,3.7
64,0.9,SW:fixed10,10.0,10,19.970088703297478,8.1
64,0.9,SW:fixed30,10.0,10,19.619716239293496,8.5
64,0.9,BANDIT:8,10.0,10,25.099632899368927,3.2
64,0.9,BANDIT2:8,10.0,10,24.75020562973121,4.6
64,0.9,M0,30.0,10,26.143617201722652,4.6
64,0.9,M1,30.0,10,23.474962594841365,7.6
64,0.9,CAP:8,30.0,10,22.57002513262333,7.3
64,0.9,CAP:16,30.0,10,23.765876844412517,6.8
64,0.9,SW:fixed1,30.0,10,26.607638501287756,3.6
64,0.9,SW:fixed3,30.0,10,26.873585664331895,3.5
64,0.9,SW:fixed10,30.0,10,25.838289893046614,5.0
64,0.9,SW:fixed30,30.0,10,22.408388565975823,8.5
64,0.9,BANDIT:8,30.0,10,25.9739141225705,4.3
64,0.9,BANDIT2:8,30.0,10,26.745677916746914,3.8
64,0.9,M0,60.0,10,26.98332329613411,5.5
64,0.9,M1,60.0,10,24.053701588763552,8.5
64,0.9,CAP:8,60.0,10,24.562808388281212,7.0
64,0.9,CAP:16,60.0,10,25.41572919336878,6.2
64,0.9,SW:fixed1,60.0,10,26.938236845920777,5.3
64,0.9,SW:fixed3,60.0,10,27.80570530387938,3.8
64,0.9,SW:fixed10,60.0,10,27.70074786691646,4.3
64,0.9,SW:fixed30,60.0,10,26.48142846856285,6.6
64,0.9,BANDIT:8,60.0,10,27.052390174263515,4.4
64,0.9,BANDIT2:8,60.0,10,27.900408791460166,3.4
64,0.95,M0,0.0,10,0.0,5.5
64,0.95,M1,0.0,10,0.0,5.5
64,0.95,CAP:8,0.0,10,0.0,5.5
64,0.95,CAP:16,0.0,10,0.0,5.5
64,0.95,SW:fixed1,0.0,10,0.0,5.5
64,0.95,SW:fixed3,0.0,10,0.0,5.5
64,0.95,SW:fixed10,0.0,10,0.0,5.5
64,0.95,SW:fixed30,0.0,10,0.0,5.5
64,0.95,BANDIT:8,0.0,10,0.0,5.5
64,0.95,BANDIT2:8,0.0,10,0.0,5.5
64,0.95,M0,0.1,10,1.480191563678563,7.7
64,0.95,M1,0.1,10,1.9037252553101716,5.35
64,0.95,CAP:8,0.1,10,2.3975208324285604,5.25
64,0.95,CAP:16,0.1,10,2.4710210463615714,4.6
64,0.95,SW:fixed1,0.1,10,1.9037252553101716,5.35
64,0.95,SW:fixed3,0.1,10,1.9037252553101716,5.35
64,0.95,SW:fixed10,0.1,10,1.9037252553101716,5.35
64,0.95,SW:fixed30,0.1,10,1.9037252553101716,5.35
64,0.95,BANDIT:8,0.1,10,1.9037252553101716,5.35
64,0.95,BANDIT2:8,0.1,10,1.9037252553101716,5.35
64,0.95,M0,0.3,10,4.004685761023174,8.9
64,0.95,M1,0.3,10,7.357004324432571,4.5
64,0.95,CAP:8,0.3,10,6.468320561609424,6.65
64,0.95,CAP:16,0.3,10,7.236672393964417,6.55
64,0.95,SW:fixed1,0.3,10,7.298991908549764,5.4
64,0.95,SW:fixed3,0.3,10,7.329518231986878,4.75
64,0.95,SW:fixed10,0.3,10,7.5194077052747215,4.1
64,0.95,SW:fixed30,0.3,10,7.510819148947937,3.95
64,0.95,BANDIT:8,0.3,10,7.325079440621878,4.8
64,0.95,BANDIT2:8,0.3,10,7.298991908549764,5.4
64,0.95,M0,1.0,10,10.529705511513058,5.5
64,0.95,M1,1.0,10,7.991740829243291,5.65
64,0.95,CAP:8,1.0,10,7.785961571568175,6.25
64,0.95,CAP:16,1.0,10,8.498397643757743,5.5
64,0.95,SW:fixed1,1.0,10,8.57171768743277,4.25
64,0.95,SW:fixed3,1.0,10,8.194848440018234,5.65
64,0.95,SW:fixed10,1.0,10,8.757679986588006,5.0
64,0.95,SW:fixed30,1.0,10,8.276933376668662,4.65
64,0.95,BANDIT:8,1.0,10,8.098901059131567,5.3
64,0.95,BANDIT2:8,1.0,10,7.813534803654805,7.25
64,0.95,M0,3.0,10,11.535638713405643,4.8
64,0.95,M1,3.0,10,9.708704192080667,5.7
64,0.95,CAP:8,3.0,10,9.371116821195894,7.3
64,0.95,CAP:16,3.0,10,10.260118057616708,4.8
64,0.95,SW:fixed1,3.0,10,10.344844917437687,5.6
64,0.95,SW:fixed3,3.0,10,9.738611158062906,5.9
64,0.95,SW:fixed10,3.0,10,9.920790584731439,5.5
64,0.95,SW:fixed30,3.0,10,10.03083212400352,4.5
64,0.95,BANDIT:8,3.0,10,10.498721829022895,4.9
64,0.95,BANDIT2:8,3.0,10,9.610174661118876,6.0
64,0.95,M0,10.0,10,12.1733888005353,5.9
64,0.95,M1,10.0,10,11.824059364758444,6.2
64,0.95,CAP:8,10.0,10,12.892071193543213,4.2
64,0.95,CAP:16,10.0,10,12.203341229425602,5.1
64,0.95,SW:fixed1,10.0,10,11.645761342762023,6.7
64,0.95,SW:fixed3,10.0,10,12.546755283564671,5.6
64,0.95,SW:fixed10,10.0,10,11.76623831435564,6.3
64,0.95,SW:fixed30,10.0,10,12.273685479074047,5.0
64,0.95,BANDIT:8,10.0,10,13.120004914345834,4.4
64,0.95,BANDIT2:8,10.0,10,11.8893206495387,5.6
64,0.95,M0,30.0,10,13.031320888252258,6.7
64,0.95,M1,30.0,10,13.687343632049211,5.9
64,0.95,CAP:8,30.0,10,14.498082168268546,4.8
64,0.95,CAP:16,30.0,10,14.014767975503048,5.1
64,0.95,SW:fixed1,30.0,10,12.64412088206733,7.6
64,0.95,SW:fixed3,30.0,10,13.592574443959299,6.0
64,0.95,SW:fixed10,30.0,10,13.731656212770112,5.6
64,0.95,SW:fixed30,30.0,10,13.549059293497038,6.0
64,0.95,BANDIT:8,30.0,10,15.746455862390478,3.3
64,0.95,BANDIT2:8,30.0,10,15.41863070451683,4.0
64,0.95,M0,60.0,10,14.189865601822856,7.2
64,0.95,M1,60.0,10,16.247550614419048,5.0
64,0.95,CAP:8,60.0,10,16.77294672196423,3.5
64,0.95,CAP:16,60.0,10,15.56855856641215,4.8
64,0.95,SW:fixed1,60.0,10,13.990669580053819,7.2
64,0.95,SW:fixed3,60.0,10,14.130505464580402,6.7
64,0.95,SW:fixed10,60.0,10,14.121484536375316,7.0
64,0.95,SW:fixed30,60.0,10,14.528313475075414,6.6
64,0.95,BANDIT:8,60.0,10,17.174491037876457,3.1
64,0.95,BANDIT2:8,60.0,10,16.601100898596926,3.9
128,0.9,M0,0.0,10,0.0,5.5
128,0.9,M1,0.0,10,0.0,5.5
128,0.9,CAP:8,0.0,10,0.0,5.5
128,0.9,CAP:16,0.0,10,0.0,5.5
128,0.9,SW:fixed1,0.0,10,0.0,5.5
128,0.9,SW:fixed3,0.0,10,0.0,5.5
128,0.9,SW:fixed10,0.0,10,0.0,5.5
128,0.9,SW:fixed30,0.0,10,0.0,5.5
128,0.9,BANDIT:8,0.0,10,0.0,5.5
128,0.9,BANDIT2:8,0.0,10,0.0,5.5
128,0.9,M0,0.1,10,2.3549710880254335,4.8
128,0.9,M1,0.1,10,1.0651504587238885,5.8
128,0.9,CAP:8,0.1,10,1.0029190886178925,4.7
128,0.9,CAP:16,0.1,10,0.9769528376997733,4.9
128,0.9,SW:fixed1,0.1,10,1.0651504587238885,5.8
128,0.9,SW:fixed3,0.1,10,1.0651504587238885,5.8
128,0.9,SW:fixed10,0.1,10,1.0651504587238885,5.8
128,0.9,SW:fixed30,0.1,10,1.0651504587238885,5.8
128,0.9,BANDIT:8,0.1,10,1.0651504587238885,5.8
128,0.9,BANDIT2:8,0.1,10,1.0651504587238885,5.8
128,0.9,M0,0.3,10,3.2239420723466212,8.1
128,0.9,M1,0.3,10,3.395027775743971,4.75
128,0.9,CAP:8,0.3,10,2.877919014440564,7.25
128,0.9,CAP:16,0.3,10,3.01688973980502,6.75
128,0.9,SW:fixed1,0.3,10,3.3958266978202096,4.4
128,0.9,SW:fixed3,0.3,10,3.3881076294798005,5.1
128,0.9,SW:fixed10,0.3,10,3.3717765095738983,4.75
128,0.9,SW:fixed30,0.3,10,3.395027775743971,4.75
128,0.9,BANDIT:8,0.3,10,3.395027775743971,4.75
128,0.9,BANDIT2:8,0.3,10,3.395617174183176,4.4
128,0.9,M0,1.0,10,6.589634569031937,9.4
128,0.9,M1,1.0,10,11.482497956311171,4.2
128,0.9,CAP:8,1.0,10,11.064167990120364,6.9
128,0.9,CAP:16,1.0,10,10.858742640670293,7.3
128,0.9,SW:fixed1,1.0,10,11.600359591310475,2.7
128,0.9,SW:fixed3,1.0,10,11.414932633064362,5.15
128,0.9,SW:fixed10,1.0,10,11.448913021279843,5.2
128,0.9,SW:fixed30,1.0,10,11.49283910442972,4.75
128,0.9,BANDIT:8,1.0,10,11.462746668278344,4.5
128,0.9,BANDIT2:8,1.0,10,11.41547326902386,4.9
128,0.9,M0,3.0,10,16.447037251670245,3.4
128,0.9,M1,3.0,10,14.591800946327947,5.8
128,0.9,CAP:8,3.0,10,14.517759164249895,6.3
128,0.9,CAP:16,3.0,10,14.569995632550924,6.6
128,0.9,SW:fixed1,3.0,10,16.9834727884009,4.7
128,0.9,SW:fixed3,3.0,10,14.178160242894489,6.3
128,0.9,SW:fixed10,3.0,10,14.418119679956835,5.8
128,0.9,SW:fixed30,3.0,10,14.482221786768822,5.8
128,0.9,BANDIT:8,3.0,10,14.294904223795172,6.2
128,0.9,BANDIT2:8,3.0,10,17.62313400806597,4.1
128,0.9,M0,10.0,10,21.25972356597088,2.0
128,0.9,M1,10.0,10,15.118370352401545,7.7
128,0.9,CAP:8,10.0,10,15.442605101233411,7.15
128,0.9,CAP:16,10.0,10,15.302708838298171,7.35
128,0.9,SW:fixed1,10.0,10,20.373396744090392,3.7
128,0.9,SW:fixed3,10.0,10,19.753557525114523,3.8
128,0.9,SW:fixed10,10.0,10,15.073285311148823,7.5
128,0.9,SW:fixed30,10.0,10,15.864597228564465,6.3
128,0.9,BANDIT:8,10.0,10,19.391957425096088,5.5
128,0.9,BANDIT2:8,10.0,10,19.76167009738822,4.0
128,0.9,M0,30.0,10,21.8016151431313,3.4
128,0.9,M1,30.0,10,16.545833978893114,7.35
128,0.9,CAP:8,30.0,10,16.239793184688217,7.65
128,0.9,CAP:16,30.0,10,16.87374942166914,7.65
128,0.9,SW:fixed1,30.0,10,21.113993966661806,4.5
128,0.9,SW:fixed3,30.0,10,20.871439036411104,4.3
128,0.9,SW:fixed10,30.0,10,20.823519646799124,4.75
128,0.9,SW:fixed30,30.0,10,16.91445385688148,7.25
128,0.9,BANDIT:8,30.0,10,20.958893305480196,4.65
128,0.9,BANDIT2:8,30.0,10,21.23697290291132,3.5
128,0.9,M0,60.0,10,22.157256431801823,4.9
128,0.9,M1,60.0,10,17.86549206986013,7.9
128,0.9,CAP:8,60.0,10,17.33474922741889,7.6
128,0.9,CAP:16,60.0,10,17.537870043738323,8.3
128,0.9,SW:fixed1,60.0,10,22.54541881061631,3.7
128,0.9,SW:fixed3,60.0,10,21.725832521219303,5.1
128,0.9,SW:fixed10,60.0,10,21.628700187813692,5.3
128,0.9,SW:fixed30,60.0,10,22.075125999085156,4.4
128,0.9,BANDIT:8,60.0,10,22.326324608171333,3.7
128,0.9,BANDIT2:8,60.0,10,21.920868752271648,4.1
128,0.95,M0,0.0,10,0.0,5.5
128,0.95,M1,0.0,10,0.0,5.5
128,0.95,CAP:8,0.0,10,0.0,5.5
128,0.95,CAP:16,0.0,10,0.0,5.5
128,0.95,SW:fixed1,0.0,10,0.0,5.5
128,0.95,SW:fixed3,0.0,10,0.0,5.5
128,0.95,SW:fixed10,0.0,10,0.0,5.5
128,0.95,SW:fixed30,0.0,10,0.0,5.5
128,0.95,BANDIT:8,0.0,10,0.0,5.5
128,0.95,BANDIT2:8,0.0,10,0.0,5.5
128,0.95,M0,0.1,10,1.512843745894716,5.5
128,0.95,M1,0.1,10,1.107641527759199,4.9
128,0.95,CAP:8,0.1,10,1.0591099788796334,6.05
128,0.95,CAP:16,0.1,10,1.055488963228612,6.05
128,0.95,SW:fixed1,0.1,10,1.0450343214523758,5.45
128,0.95,SW:fixed3,0.1,10,1.0450343214523758,5.45
128,0.95,SW:fixed10,0.1,10,1.0991143148732183,5.25
128,0.95,SW:fixed30,0.1,10,1.0450343214523758,5.45
128,0.95,BANDIT:8,0.1,10,1.0450343214523758,5.45
128,0.95,BANDIT2:8,0.1,10,1.0450343214523758,5.45
128,0.95,M0,0.3,10,1.9166562251222654,6.6
128,0.95,M1,0.3,10,2.0101189642377797,4.75
128,0.95,CAP:8,0.3,10,2.114757484072693,5.4
128,0.95,CAP:16,0.3,10,2.121884393471379,5.8
128,0.95,SW:fixed1,0.3,10,1.980389794458254,5.4
128,0.95,SW:fixed3,0.3,10,1.980389794458254,5.4
128,0.95,SW:fixed10,0.3,10,1.9639121510179023,6.1
128,0.95,SW:fixed30,0.3,10,2.0085934893140003,5.1
128,0.95,BANDIT:8,0.3,10,1.980389794458254,5.4
128,0.95,BANDIT2:8,0.3,10,1.981915269382033,5.05
128,0.95,M0,1.0,10,3.4555378685229448,7.4
128,0.95,M1,1.0,10,6.69457078717047,5.45
128,0.95,CAP:8,1.0,10,7.196344548585377,4.7
128,0.95,CAP:16,1.0,10,7.106790193747937,4.4
128,0.95,SW:fixed1,1.0,10,6.689656949700655,6.15
128,0.95,SW:fixed3,1.0,10,6.69457078717047,5.45
128,0.95,SW:fixed10,1.0,10,6.710020184630581,5.1
128,0.95,SW:fixed30,1.0,10,6.696309972463704,5.8
128,0.95,BANDIT:8,1.0,10,6.69457078717047,5.45
128,0.95,BANDIT2:8,1.0,10,6.7101261587669665,5.1
128,0.95,M0,3.0,10,8.845030925772898,5.7
128,0.95,M1,3.0,10,8.573958617067632,5.25
128,0.95,CAP:8,3.0,10,9.588756355744607,4.2
128,0.95,CAP:16,3.0,10,9.278364432017536,5.0
128,0.95,SW:fixed1,3.0,10,9.579880175348638,6.3
128,0.95,SW:fixed3,3.0,10,8.427171710370937,6.8
128,0.95,SW:fixed10,3.0,10,8.577714919190907,5.85
128,0.95,SW:fixed30,3.0,10,8.951978443769779,5.2
128,0.95,BANDIT:8,3.0,10,8.991942697106118,4.3
128,0.95,BANDIT2:8,3.0,10,9.444982967336664,6.4
128,0.95,M0,10.0,10,12.93760189350332,3.4
128,0.95,M1,10.0,10,9.489447239260794,6.4
128,0.95,CAP:8,10.0,10,10.4550267929794,5.1
128,0.95,CAP:16,10.0,10,10.300875368701185,5.75
128,0.95,SW:fixed1,10.0,10,13.029172124441143,4.45
128,0.95,SW:fixed3,10.0,10,11.306706899635921,6.1
128,0.95,SW:fixed10,10.0,10,9.800406665338379,5.6
128,0.95,SW:fixed30,10.0,10,9.558119248793506,6.85
128,0.95,BANDIT:8,10.0,10,11.292027145261457,5.65
128,0.95,BANDIT2:8,10.0,10,11.370426148545995,5.7
128,0.95,M0,30.0,10,13.818290711862678,4.8
128,0.95,M1,30.0,10,11.300065656929785,6.8
128,0.95,CAP:8,30.0,10,12.015178574065592,5.4
128,0.95,CAP:16,30.0,10,11.500152505933329,6.8
128,0.95,SW:fixed1,30.0,10,14.361283602019878,4.35
128,0.95,SW:fixed3,30.0,10,13.27851165945465,5.65
128,0.95,SW:fixed10,30.0,10,13.790088624616494,4.4
128,0.95,SW:fixed30,30.0,10,11.302173629447402,6.3
128,0.95,BANDIT:8,30.0,10,13.330541904457359,5.6
128,0.95,BANDIT2:8,30.0,10,13.58174777900803,4.9
128,0.95,M0,60.0,10,14.666332311106988,5.4
128,0.95,M1,60.0,10,12.169412735543947,6.9
128,0.95,CAP:8,60.0,10,12.897344961302448,6.8
128,0.95,CAP:16,60.0,10,13.393270960316126,5.4
128,0.95,SW:fixed1,60.0,10,14.696991213865715,5.25
128,0.95,SW:fixed3,60.0,10,13.51349699329882,6.95
128,0.95,SW:fixed10,60.0,10,14.693553123998488,5.1
128,0.95,SW:fixed30,60.0,10,15.008272633481669,4.1
128,0.95,BANDIT:8,60.0,10,14.784484993731922,4.4
128,0.95,BANDIT2:8,60.0,10,14.584427684019042,4.7
256,0.9,M0,0.0,10,0.0,5.5
256,0.9,M1,0.0,10,0.0,5.5
256,0.9,CAP:8,0.0,10,0.0,5.5
256,0.9,CAP:16,0.0,10,0.0,5.5
256,0.9,SW:fixed1,0.0,10,0.0,5.5
256,0.9,SW:fixed3,0.0,10,0.0,5.5
256,0.9,SW:fixed10,0.0,10,0.0,5.5
256,0.9,SW:fixed30,0.0,10,0.0,5.5
256,0.9,BANDIT:8,0.0,10,0.0,5.5
256,0.9,BANDIT2:8,0.0,10,0.0,5.5
256,0.9,M0,0.1,10,1.0366663414739903,5.15
256,0.9,M1,0.1,10,0.15939897663326077,5.45
256,0.9,CAP:8,0.1,10,0.15010065473995032,5.85
256,0.9,CAP:16,0.1,10,0.15010065473995032,5.85
256,0.9,SW:fixed1,0.1,10,0.15939897663326077,5.45
256,0.9,SW:fixed3,0.1,10,0.15939897663326077,5.45
256,0.9,SW:fixed10,0.1,10,0.15939897663326077,5.45
256,0.9,SW:fixed30,0.1,10,0.15939897663326077,5.45
256,0.9,BANDIT:8,0.1,10,0.15939897663326077,5.45
256,0.9,BANDIT2:8,0.1,10,0.15939897663326077,5.45
256,0.9,M0,0.3,10,1.2359328609629647,5.15
256,0.9,M1,0.3,10,0.45954690743019266,5.55
256,0.9,CAP:8,0.3,10,0.3614742420118672,5.95
256,0.9,CAP:16,0.3,10,0.45404579594238803,5.4
256,0.9,SW:fixed1,0.3,10,0.44199016410788083,5.65
256,0.9,SW:fixed3,0.3,10,0.45954690743019266,5.55
256,0.9,SW:fixed10,0.3,10,0.46118357716606195,5.2
256,0.9,SW:fixed30,0.3,10,0.46118357716606195,5.2
256,0.9,BANDIT:8,0.3,10,0.45615649758309695,5.5
256,0.9,BANDIT2:8,0.3,10,0.45451982784722766,5.85
256,0.9,M0,1.0,10,1.8011270733857971,6.6
256,0.9,M1,1.0,10,2.325423824759093,5.55
256,0.9,CAP:8,1.0,10,2.316362972379321,5.9
256,0.9,CAP:16,1.0,10,2.4961848816120753,4.25
256,0.9,SW:fixed1,1.0,10,2.281925000553424,6.05
256,0.9,SW:fixed3,1.0,10,2.325957779067704,5.2
256,0.9,SW:fixed10,1.0,10,2.2851520446270226,5.7
256,0.9,SW:fixed30,1.0,10,2.362291508744267,5.05
256,0.9,BANDIT:8,1.0,10,2.325957779067704,5.2
256,0.9,BANDIT2:8,1.0,10,2.2952073405391396,5.5
256,0.9,M0,3.0,10,3.4763752698815287,8.9
256,0.9,M1,3.0,10,7.789546764647937,4.85
256,0.9,CAP:8,3.0,10,7.915849603776284,5.2
256,0.9,CAP:16,3.0,10,8.049979234922073,4.05
256,0.9,SW:fixed1,3.0,10,7.757207986843371,6.15
256,0.9,SW:fixed3,3.0,10,7.77043462069175,4.75
256,0.9,SW:fixed10,3.0,10,7.77043462069175,4.75
256,0.9,SW:fixed30,3.0,10,7.7899039394130485,4.9
256,0.9,BANDIT:8,3.0,10,7.751449110976528,5.45
256,0.9,BANDIT2:8,3.0,10,7.7134479389403605,6.0
256,0.9,M0,10.0,10,12.70750549470515,7.4
256,0.9,M1,10.0,10,14.824816433978594,5.45
256,0.9,CAP:8,10.0,10,15.342880238767727,3.6
256,0.9,CAP:16,10.0,10,15.635716453873343,4.9
256,0.9,SW:fixed1,10.0,10,14.776526561740692,5.8
256,0.9,SW:fixed3,10.0,10,14.776526561740692,5.8
256,0.9,SW:fixed10,10.0,10,14.776526561740692,5.8
256,0.9,SW:fixed30,10.0,10,14.82917497677775,5.1
256,0.9,BANDIT:8,10.0,10,14.909637229710489,5.35
256,0.9,BANDIT2:8,10.0,10,14.776526561740692,5.8
256,0.9,M0,30.0,10,19.84593802947253,3.7
256,0.9,M1,30.0,10,15.565196711315618,7.4
256,0.9,CAP:8,30.0,10,15.726174214076558,6.4
256,0.9,CAP:16,30.0,10,16.145290184028653,6.8
256,0.9,SW:fixed1,30.0,10,20.03077193732041,3.6
256,0.9,SW:fixed3,30.0,10,19.407030520223394,3.4
256,0.9,SW:fixed10,30.0,10,17.723889229569103,5.0
256,0.9,SW:fixed30,30.0,10,15.616744847380954,7.3
256,0.9,BANDIT:8,30.0,10,16.032539352481443,7.3
256,0.9,BANDIT2:8,30.0,10,19.41192259218404,4.1
256,0.9,M0,60.0,10,20.274202371875436,4.7
256,0.9,M1,60.0,10,15.833801222720695,8.55
256,0.9,CAP:8,60.0,10,16.27390153761021,7.3
256,0.9,CAP:16,60.0,10,16.26650726917577,8.0
256,0.9,SW:fixed1,60.0,10,20.87098708801179,2.9
256,0.9,SW:fixed3,60.0,10,20.174844340501238,4.45
256,0.9,SW:fixed10,60.0,10,20.31021410052312,3.55
256,0.9,SW:fixed30,60.0,10,19.19731470370025,5.5
256,0.9,BANDIT:8,60.0,10,20.102077918380157,5.0
256,0.9,BANDIT2:8,60.0,10,19.65382701822942,5.05
256,0.95,M0,0.0,10,0.0,5.5
256,0.95,M1,0.0,10,0.0,5.5
256,0.95,CAP:8,0.0,10,0.0,5.5
256,0.95,CAP:16,0.0,10,0.0,5.5
256,0.95,SW:fixed1,0.0,10,0.0,5.5
256,0.95,SW:fixed3,0.0,10,0.0,5.5
256,0.95,SW:fixed10,0.0,10,0.0,5.5
256,0.95,SW:fixed30,0.0,10,0.0,5.5
256,0.95,BANDIT:8,0.0,10,0.0,5.5
256,0.95,BANDIT2:8,0.0,10,0.0,5.5
256,0.95,M0,0.1,10,1.0008202633389032,4.15
256,0.95,M1,0.1,10,0.19102168908293643,5.7
256,0.95,CAP:8,0.1,10,0.27231341489280403,5.7
256,0.95,CAP:16,0.1,10,0.2827498580854446,5.25
256,0.95,SW:fixed1,0.1,10,0.19102168908293643,5.7
256,0.95,SW:fixed3,0.1,10,0.19102168908293643,5.7
256,0.95,SW:fixed10,0.1,10,0.19102168908293643,5.7
256,0.95,SW:fixed30,0.1,10,0.19102168908293643,5.7
256,0.95,BANDIT:8,0.1,10,0.19102168908293643,5.7
256,0.95,BANDIT2:8,0.1,10,0.19102168908293643,5.7
256,0.95,M0,0.3,10,1.447247229553546,3.7
256,0.95,M1,0.3,10,0.3309892936827392,6.45
256,0.95,CAP:8,0.3,10,0.42085426948703913,4.8
256,0.95,CAP:16,0.3,10,0.40376229521692497,4.9
256,0.95,SW:fixed1,0.3,10,0.33429488360335896,5.75
256,0.95,SW:fixed3,0.3,10,0.33377838346604655,6.1
256,0.95,SW:fixed10,0.3,10,0.34837704342643305,5.9
256,0.95,SW:fixed30,0.3,10,0.33429488360335896,5.75
256,0.95,BANDIT:8,0.3,10,0.33429488360335896,5.75
256,0.95,BANDIT2:8,0.3,10,0.34837704342643305,5.9
256,0.95,M0,1.0,10,1.8878379558884788,4.6
256,0.95,M1,1.0,10,1.042726886172809,6.25
256,0.95,CAP:8,1.0,10,1.2127735957363854,4.5
256,0.95,CAP:16,1.0,10,1.2174767143010736,3.8
256,0.95,SW:fixed1,1.0,10,1.044007993515626,5.7
256,0.95,SW:fixed3,1.0,10,1.042726886172809,6.25
256,0.95,SW:fixed10,1.0,10,1.044007993515626,5.7
256,0.95,SW:fixed30,1.0,10,1.042726886172809,6.25
256,0.95,BANDIT:8,1.0,10,1.042726886172809,6.25
256,0.95,BANDIT2:8,1.0,10,1.044007993515626,5.7
256,0.95,M0,3.0,10,2.670076378233552,7.9
256,0.95,M1,3.0,10,3.7383837320386,5.3
256,0.95,CAP:8,3.0,10,3.671314901431484,7.15
256,0.95,CAP:16,3.0,10,3.986860861964048,3.85
256,0.95,SW:fixed1,3.0,10,3.705726263392817,5.05
256,0.95,SW:fixed3,3.0,10,3.7456712427874397,4.05
256,0.95,SW:fixed10,3.0,10,3.7328857694974857,4.9
256,0.95,SW:fixed30,3.0,10,3.6833903920181337,6.25
256,0.95,BANDIT:8,3.0,10,3.7035439032619175,5.7
256,0.95,BANDIT2:8,3.0,10,3.711936976478803,4.85
256,0.95,M0,10.0,10,9.119139504359104,4.6
256,0.95,M1,10.0,10,8.620803887979726,6.15
256,0.95,CAP:8,10.0,10,9.258733876263877,4.5
256,0.95,CAP:16,10.0,10,9.602236162248335,4.6
256,0.95,SW:fixed1,10.0,10,8.900379624869904,6.4
256,0.95,SW:fixed3,10.0,10,8.775256151711506,6.6
256,0.95,SW:fixed10,10.0,10,8.736065602947836,5.45
256,0.95,SW:fixed30,10.0,10,8.696058630832603,5.0
256,0.95,BANDIT:8,10.0,10,8.704123019961886,5.0
256,0.95,BANDIT2:8,10.0,10,8.707515166788802,6.7
256,0.95,M0,30.0,10,11.930918225077265,3.9
256,0.95,M1,30.0,10,9.12277275470112,6.2
256,0.95,CAP:8,30.0,10,9.931002040841852,5.2
256,0.95,CAP:16,30.0,10,10.346216817214792,4.7
256,0.95,SW:fixed1,30.0,10,11.14123328148103,5.65
256,0.95,SW:fixed3,30.0,10,10.663870362335137,5.15
256,0.95,SW:fixed10,30.0,10,9.75171377615219,6.1
256,0.95,SW:fixed30,30.0,10,9.218292734839203,5.7
256,0.95,BANDIT:8,30.0,10,9.87651130761684,5.85
256,0.95,BANDIT2:8,30.0,10,10.028521349612696,6.55
256,0.95,M0,60.0,10,13.341281218638123,4.1
256,0.95,M1,60.0,10,9.802764419983157,6.7
256,0.95,CAP:8,60.0,10,10.648283636724425,5.9
256,0.95,CAP:16,60.0,10,11.129982592528371,5.0
256,0.95,SW:fixed1,60.0,10,12.743673142137425,5.25
256,0.95,SW:fixed3,60.0,10,12.44461978943071,5.05
256,0.95,SW:fixed10,60.0,10,11.815135443476539,5.7
256,0.95,SW:fixed30,60.0,10,11.297922477704796,6.2
256,0.95,BANDIT:8,60.0,10,11.626461895410788,6.5
256,0.95,BANDIT2:8,60.0,10,12.133241838438273,4.6
