n,fill,method,runs,mean_first_M0_start_s,mean_M0_time_fraction,mean_reconstructions
32,0.9,SW:fixed1,10,1.049684530030936,0.9825056868526694,538.5
32,0.9,SW:fixed3,10,3.0438600999768823,0.949269921413524,547.0
32,0.9,SW:fixed10,10,10.040083989989943,0.8326674992363563,575.1
32,0.9,SW:fixed30,10,30.03635275007691,0.49940172442256153,656.2
32,0.9,BANDIT:8,10,0.2306754600023851,0.3048023942530441,711.2
32,0.9,BANDIT2:8,10,0.06036804001778364,0.5517300628950452,647.6
32,0.95,SW:fixed1,9,1.0513179110777047,0.9824785114449378,407.0
32,0.95,SW:fixed3,9,3.0382400000364416,0.9493636508967074,413.0
32,0.95,SW:fixed10,9,10.025421977793384,0.8329124492710085,459.6666666666667
32,0.95,SW:fixed30,9,30.036436922201474,0.49939917097684194,595.1111111111111
32,0.95,BANDIT:8,9,0.2234026111351947,0.3766785997250548,651.5555555555555
32,0.95,BANDIT2:8,9,0.05851884439794554,0.6332659708875302,554.6666666666666
64,0.9,SW:fixed1,10,1.101816190010868,0.9816367659829739,153.9
64,0.9,SW:fixed3,10,3.206049649999477,0.9465672148943465,154.8
64,0.9,SW:fixed10,10,10.17761734998785,0.8303808831538738,158.3
64,0.9,SW:fixed30,10,30.189320190018044,0.4968599163627516,169.5
64,0.9,BANDIT:8,10,0.9241920799948276,0.2755004854111036,184.2
64,0.9,BANDIT2:8,10,0.2257900100434199,0.5239648223785431,176.4
64,0.95,SW:fixed1,10,1.1606629699468614,0.9806560806052147,74.1
64,0.95,SW:fixed3,10,3.2550711600575597,0.945749387715493,76.4
64,0.95,SW:fixed10,10,10.192570909974165,0.8301271137882313,85.1
64,0.95,SW:fixed30,10,30.218959490046835,0.49635962907853914,119.1
64,0.95,BANDIT:8,10,1.0249129299540072,0.4189688462276795,128.9
64,0.95,BANDIT2:8,10,0.2747417600592598,0.6766325785130058,103.3
128,0.9,SW:fixed1,10,1.4740334400441497,0.9754351320054017,27.4
128,0.9,SW:fixed3,10,3.45795214001555,0.942370621197975,27.3
128,0.9,SW:fixed10,10,10.816790660005063,0.8197306244537395,28.4
128,0.9,SW:fixed30,10,30.67878487003036,0.48872002423102784,32.3
128,0.9,BANDIT:8,10,4.666500410018489,0.3216722772231236,35.0
128,0.9,BANDIT2:8,10,1.2018162100110203,0.5659460061001164,32.1
128,0.95,SW:fixed1,10,1.3498465999728069,0.9775035482953198,13.5
128,0.95,SW:fixed3,10,3.985305649950169,0.9335816905266201,14.0
128,0.95,SW:fixed10,10,10.858875230001285,0.8190255509993275,16.5
128,0.95,SW:fixed30,10,30.84765543001704,0.48588260442739084,24.3
128,0.95,BANDIT:8,10,4.915433920058422,0.4711911428852398,24.7
128,0.95,BANDIT2:8,10,1.3445731399813667,0.7232107488549282,19.5
256,0.9,SW:fixed1,10,6.556334600015544,0.8907581079690672,5.3
256,0.9,SW:fixed3,10,6.560604670038447,0.8906790795181424,5.3
256,0.9,SW:fixed10,10,15.158891319995746,0.7473925131572678,5.8
256,0.9,SW:fixed30,10,36.02811050999444,0.3997050990619778,6.9
256,0.9,BANDIT:8,10,24.103511179983617,0.3504842749515722,7.1
256,0.9,BANDIT2:8,10,6.587155509949662,0.5568569514634284,6.4
256,0.95,SW:fixed1,10,6.920083830016665,0.8846791031572774,3.1
256,0.95,SW:fixed3,10,6.868377029988915,0.8855440160163699,3.1
256,0.95,SW:fixed10,10,15.700717729958706,0.7383837220730514,3.9
256,0.95,SW:fixed30,10,33.497351339971644,0.4417676770813236,5.1
256,0.95,BANDIT:8,10,24.956217590044254,0.5307267416224808,4.8
256,0.95,BANDIT2:8,10,6.888141660043038,0.687023121615286,4.2
