imp_t0,slope,events,improvements,improve_rate,frac_repair,frac_reuse,frac_fallback,last_gain_s,geometry,n,fill,instance,gw,gh,achieved_fill,mean_facility_area,initial_J,is_nonslicing,log_n,plate,initial_J_per_n,d60,d10,y
14.850470212651496,1.3768533319628917,758.3333333333334,26.666666666666668,0.03547133448337008,0.3421575232757758,0.14619161842034004,0.5116508583038841,2.8582712999971895,guillotine,32,0.9,0,30,27,0.8987654320987655,22.75,1587.2636695462877,0.0,5.0,810,49.60198967332149,0.4970428855487796,0.03676340796628352,1
16.147795558446873,1.3613968308137057,635.0,22.666666666666668,0.036505733322255964,0.30316837575436434,0.14585320111448988,0.5509784231311459,2.6610504666653774,guillotine,32,0.9,1,39,24,0.8995726495726496,26.3125,2343.222403390465,0.0,5.0,936,73.22570010595203,-2.5385505040456913,-0.8908550744559847,0
23.919713719553826,1.7525769476426294,945.6666666666666,31.0,0.03267678151677159,0.32191648948987645,0.14588258575642155,0.532200924753702,2.5529024333324437,guillotine,32,0.9,2,36,27,0.8991769547325102,27.3125,2139.4657954596496,0.0,5.0,972,66.85830610811405,-4.420340605136893,-9.034618580362103,0
16.815635456884944,1.6472171666572402,859.0,27.0,0.031558913042512175,0.29071692951480865,0.14856469592499286,0.5607183745601986,2.877026599996801,guillotine,32,0.9,3,33,22,0.8994490358126722,20.40625,2025.4487054363597,0.0,5.0,726,63.29527204488624,-2.2868755231962226,-2.9042100346695356,0
17.45165327848639,1.5000256746649165,816.0,25.666666666666668,0.032134135259340106,0.4251494643064617,0.1462580582525591,0.4285924774409791,2.3874265666672727,guillotine,32,0.9,4,30,18,0.8981481481481481,15.15625,2613.2488337794894,0.0,5.0,540,81.66402605560904,2.668092732091605,1.3927756757510963,1
20.325559280115694,1.4909052633760347,885.0,26.333333333333332,0.0307914535682187,0.4039902539536489,0.12274180615099783,0.4732679398953532,2.7092171999975108,guillotine,32,0.9,5,33,19,0.8995215311004785,17.625,2171.9111232412556,0.0,5.0,627,67.87222260128924,0.4736253181165502,-1.2323002718504306,1
21.04915984716276,1.8155950295220755,843.0,31.333333333333332,0.03699407582154401,0.300154573311839,0.14071308149567482,0.5591323451924862,2.78492996666561,guillotine,32,0.9,6,32,27,0.8993055555555556,24.28125,1546.8862059718679,0.0,5.0,864,48.34019393662087,2.5243366550027098,2.167460589777793,1
20.661886334683604,1.3531072816571452,770.3333333333334,29.666666666666668,0.03933668123773013,0.250579625922124,0.15483497684841116,0.5945853972294648,2.905738166664378,guillotine,32,0.9,7,40,24,0.9,27.0,2118.7641724576856,0.0,5.0,960,66.21138038930268,-6.456910746497549,-11.297590637744964,0
18.886349694378147,2.847651626724321,519.6666666666666,23.0,0.04445607716976407,0.26411085960931047,0.10811075336316815,0.6277783870275213,2.681853133336214,guillotine,32,0.9,8,42,23,0.8995859213250518,27.15625,1954.368882933279,0.0,5.0,966,61.07402759166497,-7.806999943423616,-5.919113130442373,0
14.786491852293102,0.634746145086449,649.6666666666666,21.333333333333332,0.03374522234346095,0.2562289864210625,0.11727210647271731,0.6264989071062201,2.740783066668276,guillotine,32,0.9,9,33,29,0.8986415882967607,26.875,1661.8524542876557,0.0,5.0,957,51.93288919648924,-1.671552476882919,-3.5303917030153187,0
5.658873245914453,0.7642131084771563,706.0,19.333333333333332,0.027995985152324238,0.12969815908547078,0.06299005165792511,0.8073117892566041,2.985113366667065,guillotine,32,0.95,0,38,25,0.9494736842105264,28.1875,2177.954758993026,0.0,5.0,950,68.06108621853207,-7.816449302243958,-5.123857823201382,0
14.704752972289569,0.3175713595801799,858.0,20.666666666666668,0.024213483774748874,0.35386597203995224,0.042126071832350946,0.6040079561276969,2.8330486999960462,guillotine,32,0.95,1,21,17,0.9495798319327731,10.59375,1735.587719556776,0.0,5.0,357,54.23711623614925,4.668938116246341,2.8269996346946122,1
9.601475169255762,1.8603805743202209,652.6666666666666,19.333333333333332,0.028710451874909684,0.23028543058638493,0.08579297196488898,0.6839215974487262,2.9085658666687473,guillotine,32,0.95,2,36,24,0.9479166666666666,25.59375,2187.9206509891274,0.0,5.0,864,68.37252034341023,5.5422340612281324,3.204955622354042,1
26.229926874442597,1.3480694480403226,562.0,21.666666666666668,0.03854450830189242,0.18460887646401594,0.06025973322167099,0.7551313903143132,2.977210000002136,guillotine,32,0.95,3,37,22,0.9496314496314496,24.15625,1983.409147970839,0.0,5.0,814,61.98153587408872,3.6585501454435594,4.3027173915601615,1
9.214362782702631,0.3306858565318132,1104.6666666666667,19.333333333333332,0.01740729745973057,0.3881310713242277,0.058102563990902,0.5537663646848703,2.7753919333335944,guillotine,32,0.95,4,22,16,0.9431818181818182,10.375,2594.6792215972123,0.0,5.0,352,81.08372567491288,5.17786119741611,5.497017173925971,1
16.030702519470054,1.6198241550600123,481.0,25.666666666666668,0.05370640240940445,0.20769593759975571,0.06864645118798426,0.72365761121226,2.8686168333370006,guillotine,32,0.95,6,36,27,0.948559670781893,28.8125,1898.831036125764,0.0,5.0,972,59.33846987893013,4.773662698210067,5.481475731062938,1
12.867293327542557,0.41140231448094894,611.6666666666666,18.0,0.029525222364704295,0.17248374493914323,0.06037604661173288,0.7671402084491238,2.9407746999931987,guillotine,32,0.95,7,34,21,0.9481792717086834,21.15625,1432.4364965315558,0.0,5.0,714,44.76364051661112,3.3192078013922863,1.5737578579637095,1
12.843743599754623,2.109902528832724,703.0,29.666666666666668,0.04256727430782526,0.25440645609366513,0.05869538595468223,0.6868981579516525,2.9463910000001,guillotine,32,0.95,8,35,22,0.948051948051948,22.8125,2127.624825151595,0.0,5.0,770,66.48827578598734,1.426440863939785,1.2572450274285547,1
9.437954008786873,0.9025637697433618,674.0,21.666666666666668,0.03216140113429833,0.24980321440303896,0.06025060966859097,0.6899461759283702,2.88495043333387,guillotine,32,0.95,9,30,19,0.9491228070175438,16.90625,2292.2975690013536,0.0,5.0,570,71.6342990312923,1.9059045345729615,-2.998107042079269,1
2.9743936296018227,0.5809924532171346,529.0,14.0,0.02733745813685984,0.2612607646147378,0.09380517544845901,0.6449340599368032,2.9236556333344197,guillotine,32,0.95,10,33,27,0.9494949494949495,26.4375,2291.151933069144,0.0,5.0,891,71.59849790841075,-0.6768796498050067,-0.3962171284607354,0
17.5898681488445,1.923530174499797,453.6666666666667,25.0,0.055223032117185024,0.15924193505015258,0.08161704245122825,0.7591410224986191,2.7783291333374414,guillotine,32,0.95,11,37,24,0.9493243243243243,26.34375,1880.2258665913323,0.0,5.0,888,58.757058330979135,6.9775010557177275,2.081666727502128,1
13.698382188013488,1.6313776105845201,686.6666666666666,28.666666666666668,0.041357119937733174,0.33667900922627864,0.041071139010239975,0.6222498517634812,2.924758233338556,guillotine,32,0.95,12,27,18,0.948559670781893,14.40625,2768.4629762990003,0.0,5.0,486,86.51446800934376,3.8314732964489977,3.68954457064107,1
8.549460777019037,1.9736458929445997,473.3333333333333,26.333333333333332,0.055481278235187004,0.21425735912669386,0.07783235841198376,0.7079102824613224,2.7866831666712337,guillotine,32,0.95,14,41,24,0.9491869918699187,29.1875,2213.2568666672514,0.0,5.0,984,69.1642770833516,-0.2642810328744414,0.7862010332223726,0
13.07088942295986,1.8147660515222845,583.0,27.333333333333332,0.046839761872729,0.19339042017754304,0.08898033418734923,0.7176292456351078,2.9204678333335323,guillotine,32,0.95,15,33,26,0.9498834498834499,25.46875,2061.2340057680294,0.0,5.0,858,64.41356268025092,2.131515284207948,2.832633502396474,1
10.64063224848532,0.6311361340568794,794.0,22.666666666666668,0.029676555610309994,0.21673554785774637,0.044635614706133274,0.7386288374361204,2.902972566667207,guillotine,32,0.95,16,29,23,0.9490254872563718,19.78125,2286.5503691371277,0.0,5.0,667,71.45469903553524,-1.9461411049847221,-0.06482541570952449,0
9.833319622386266,1.098113402434441,666.0,19.666666666666668,0.03089098704638316,0.15905294113032567,0.058694903647434876,0.7822521552222396,2.9432656999949054,guillotine,32,0.95,17,38,23,0.948512585812357,25.90625,2203.1946423680033,0.0,5.0,874,68.8498325740001,-1.1616804012167528,4.3457599477609,0
6.203521521539929,0.6477341488421183,489.3333333333333,12.333333333333334,0.025698485329383552,0.19013612639300326,0.06173561151079137,0.7481282620962054,2.879082033337909,guillotine,32,0.95,18,34,26,0.9468325791855203,26.15625,2031.8638905422904,0.0,5.0,884,63.495746579446575,-3.386360100034782,-0.49197481096198814,0
20.314142041495355,2.0074135182435255,552.6666666666666,24.333333333333332,0.044162712698597034,0.205644773296614,0.06635000359451644,0.7280052231088696,2.6512351666703275,guillotine,32,0.95,19,34,22,0.9491978609625669,22.1875,1970.494458006634,0.0,5.0,748,61.57795181270731,1.6979467968575896,7.15991511498887,1
17.00099406413348,0.6135269092881522,397.6666666666667,38.0,0.09953972771119751,0.4537787266203235,0.08352363145140411,0.4626976419282724,2.6191468666656874,guillotine,64,0.9,0,34,29,0.8995943204868154,13.859375,6039.3279533940395,0.0,6.0,986,94.36449927178187,-5.4080148898108895,-8.467924437224632,0
19.952908491588758,0.9306387518832496,420.0,41.333333333333336,0.09877120178375409,0.36810737706135194,0.1288238942632248,0.5030687286754233,2.751354933338007,guillotine,64,0.9,1,44,30,0.8992424242424243,18.546875,5221.005866126382,0.0,6.0,1320,81.57821665822472,-1.4371174488778067,-3.778795804302142,0
13.72123435379502,0.3173124642958636,370.3333333333333,38.0,0.1027829839311305,0.6452657173109256,0.09659251011390624,0.25814177257516807,1.7104523000016343,guillotine,64,0.9,2,30,23,0.8985507246376812,9.6875,8382.342213773063,0.0,6.0,690,130.9740970902041,-0.144029106962952,2.084433472315217,0
10.468607512770411,0.05145984721807088,324.6666666666667,30.333333333333332,0.09365219889516564,0.45727697991125105,0.14182920659902756,0.4008938134897215,1.759454399997291,guillotine,64,0.9,3,44,42,0.8993506493506493,25.96875,7953.0331135318,0.0,6.0,1848,124.26614239893438,1.8760970617298707,1.5345245867592023,1
15.462270471510587,0.5138982839175297,291.3333333333333,48.0,0.16476626788450877,0.4677619985823418,0.12338036326108888,0.40885763815656934,1.9224448999981785,guillotine,64,0.9,4,39,26,0.8994082840236687,14.25,7508.447999550056,0.0,6.0,1014,117.31949999296963,-3.658356502084196,-7.179331913739517,0
5.373649632539082,0.27984463700625267,361.0,24.0,0.06852171067857343,0.466444013502837,0.16801934448993272,0.3655366420072302,1.6297407333380154,guillotine,64,0.9,5,42,33,0.898989898989899,19.46875,7727.143987717394,0.0,6.0,1386,120.73662480808429,1.0793283274168184,-1.2588837053283548,1
15.628523396776197,0.1867900204053298,213.33333333333334,27.666666666666668,0.1318676965735789,0.374846504258269,0.16413151119033473,0.4610219845513963,1.955752200005615,guillotine,64,0.9,6,44,38,0.8995215311004785,23.5,6154.985572268779,0.0,6.0,1672,96.17164956669967,-5.199838033855343,-6.169089381876985,0
16.25695510574361,0.12076322568386406,276.0,32.333333333333336,0.12503917779808127,0.5689076748292998,0.0745901965940695,0.3565021285766306,1.3615060666682741,guillotine,64,0.9,7,36,33,0.898989898989899,16.6875,5424.839931433756,0.0,6.0,1188,84.76312392865243,-0.5090478425708014,-2.551557222376921,0
10.62028965965844,0.19314335628368084,261.3333333333333,30.333333333333332,0.1175566174257479,0.4090724419280891,0.14356594706053336,0.44736161101137745,2.424901033334512,guillotine,64,0.9,8,44,34,0.8990641711229946,21.015625,7934.115795227794,0.0,6.0,1496,123.97055930043427,-0.9242406132376271,-1.7842054209045894,0
9.702136964561982,0.22154220218394047,525.0,24.666666666666668,0.04719659974678966,0.4790420904229911,0.14030392197782324,0.3806539875991857,1.0656160666646126,guillotine,64,0.9,9,39,29,0.8992042440318302,15.890625,9207.369445854609,0.0,6.0,1131,143.86514759147826,1.532110480006164,0.6800961148332707,1
6.7935222517894,0.3304942364242926,258.0,26.333333333333332,0.10278239847146671,0.27162332572966014,0.07737076680119319,0.6510059074691467,2.2490310333281136,guillotine,64,0.95,0,44,40,0.95,26.125,7184.410992093528,0.0,6.0,1760,112.25642175146137,0.3878157644499147,-0.6468871528566149,1
7.383458805359332,0.11534343763802617,331.0,21.666666666666668,0.06554481632363252,0.4328265480913456,0.034241286577735175,0.5329321653309191,2.0724224666676796,guillotine,64,0.95,1,29,28,0.9482758620689655,12.03125,9704.949944213435,0.0,6.0,812,151.63984287833492,-0.24786326701791772,-2.7157471315581247,0
10.564192433395176,0.19512757922543442,291.3333333333333,32.666666666666664,0.11284775027209959,0.2974187024488594,0.05669267402148089,0.6458886235296597,2.7521944666659692,guillotine,64,0.95,2,44,38,0.9491626794258373,24.796875,6377.415086950757,0.0,6.0,1672,99.64711073360557,-8.253596645732914,-6.131009871253616,0
11.875127872183008,1.0643614789130886,284.3333333333333,32.0,0.12072615614257116,0.3884181132182724,0.044633396835021134,0.5669484899467065,2.371349366667952,guillotine,64,0.95,3,40,28,0.9491071428571428,16.609375,7140.730226675508,0.0,6.0,1120,111.57390979180481,1.7940038375436629,3.6414591423465072,1
7.9437065201083525,0.6431866575978563,204.0,24.666666666666668,0.12528213519458561,0.30853879169313086,0.06000826791907129,0.6314529403877979,2.463671166668064,guillotine,64,0.95,4,44,38,0.9497607655502392,24.8125,6540.366069832128,0.0,6.0,1672,102.193219841127,-0.43212061457408346,-3.4301406123639886,0
8.61892841612008,0.34319794747568055,250.33333333333334,24.333333333333332,0.09764116258369131,0.245947985603158,0.037996826502573626,0.7160551878942684,2.961398466664832,guillotine,64,0.95,5,38,31,0.9499151103565365,17.484375,7212.987498905992,0.0,6.0,1178,112.70292967040612,-5.980913536604373,-11.225882294096808,0
10.108572581601917,0.4616749819518982,317.3333333333333,32.666666666666664,0.10903225127363059,0.29545948942500666,0.04893653600550152,0.6556039745694918,2.734118699993511,guillotine,64,0.95,6,40,35,0.95,20.78125,8078.347317022839,0.0,6.0,1400,126.22417682848186,1.1541740555848303,-0.6801619300005974,1
9.641253138011,0.526148846354307,371.6666666666667,34.0,0.09135608108341521,0.26890922035395093,0.05398500169742924,0.6771057779486199,2.153087633336933,guillotine,64,0.95,7,44,33,0.949724517906336,21.546875,6361.358531355244,0.0,6.0,1452,99.39622705242569,-2.6958120664154546,-1.3116212634151196,0
6.493085287811103,0.0,268.0,21.333333333333332,0.07965315235669106,0.26715142206501213,0.091953945326629,0.6408946326083589,2.665005833337394,guillotine,64,0.95,8,44,41,0.9490022172949002,26.75,7689.59688722826,0.0,6.0,1804,120.14995136294156,1.5437351760362077,-1.5786632498684776,1
14.480384388548265,1.0887660836748083,302.6666666666667,24.0,0.07925270211612155,0.3270334618709742,0.03192139123659463,0.6410451468924312,2.892559200001415,guillotine,64,0.95,9,32,28,0.9497767857142857,13.296875,4981.578308051118,0.0,6.0,896,77.83716106329872,-8.642642929451942,-9.493519611014126,0
16.680851723937835,0.018865065031243706,613.3333333333334,36.333333333333336,0.05923673541336153,0.5108055702450204,0.027163758152652918,0.4620306716023268,1.8505539666657569,guillotine,64,0.95,10,25,24,0.95,8.90625,9462.211546274604,0.0,6.0,600,147.8470554105407,2.0741803053326393,0.7266801891505885,1
18.99843055676538,1.9972086104901354,528.0,43.333333333333336,0.08188820159525544,0.3485251331249018,0.053733309675748325,0.5977415571993498,2.9392118000008245,guillotine,64,0.95,11,38,26,0.9493927125506073,14.65625,7967.342885261519,0.0,6.0,988,124.48973258221123,5.021804024209484,6.725422951377853,1
11.831507100193129,0.16744769671729465,406.3333333333333,37.666666666666664,0.09284824092746125,0.24641858063211944,0.05550256127341199,0.6980788580944686,2.3702494999985597,guillotine,64,0.95,12,44,34,0.9498663101604278,22.203125,5044.129161245816,0.0,6.0,1496,78.81451814446588,-1.2553081830692818,-7.764381135811808,0
4.914005778704044,0.0,349.3333333333333,15.333333333333334,0.043886511377642635,0.39672403976700393,0.04100199585812515,0.562273964374871,1.5891805333279383,guillotine,64,0.95,13,38,26,0.9493927125506073,14.65625,8357.676829956803,0.0,6.0,988,130.58870046807505,4.767633772501714,1.8501692048549483,1
13.115820340566705,1.0761528790530084,436.3333333333333,32.666666666666664,0.07502354889297518,0.19294804504110172,0.0793818569891328,0.7276700979697655,2.818545233332164,guillotine,64,0.95,14,43,40,0.9494186046511628,25.515625,5231.70296780553,0.0,6.0,1720,81.7453588719614,3.7703188355132333,2.5032771627501607,1
6.1838397548692585,0.15904797474791188,425.3333333333333,22.333333333333332,0.05381241121692008,0.43381661653893594,0.04634537056523035,0.5198380128958336,2.52275756666495,guillotine,64,0.95,15,32,27,0.9479166666666666,12.796875,5785.733968031339,0.0,6.0,864,90.40209325048967,2.9942962578436623,2.135390380639423,1
7.287344127551479,0.49593919395246217,290.6666666666667,19.666666666666668,0.06755117050822461,0.28190486010469124,0.06385695515166533,0.6542381847436435,2.1893147666657264,guillotine,64,0.95,16,44,35,0.95,22.859375,7854.840158476703,0.0,6.0,1540,122.73187747619849,5.845156715217574,3.0788225365422095,1
11.79648280925656,0.4081560330756459,322.3333333333333,29.666666666666668,0.0918612309348571,0.37411865254032645,0.033159540927012086,0.5927218065326615,2.806466799995784,guillotine,64,0.95,17,37,23,0.9494712103407755,12.625,8356.204745481742,0.0,6.0,851,130.56569914815222,-0.19740844866519858,-1.645597292637854,0
6.551038227465184,0.23711701916270492,445.3333333333333,21.333333333333332,0.04765713133913971,0.24974072882022672,0.05698114066314903,0.6932781305166241,2.6807179333360787,guillotine,64,0.95,18,36,36,0.9498456790123457,19.234375,7191.906314629965,0.0,6.0,1296,112.3735361660932,-1.580708039932027,-3.9882781486717507,0
10.737543967622125,0.8885380341736807,406.6666666666667,39.333333333333336,0.0964838066762304,0.2178402651924418,0.07562206729410674,0.7065376675134515,2.6060627666690075,guillotine,64,0.95,19,44,42,0.9491341991341992,27.40625,4941.2088899019955,0.0,6.0,1848,77.20638890471868,-3.6776185723608066,-10.756542071994902,0
10.320548945755426,1.3368534873771625,226.66666666666666,59.666666666666664,0.27146480008002744,0.6982172259126781,0.11551108984254956,0.18627168424477233,2.1036549000030695,guillotine,128,0.9,0,42,38,0.899749373433584,11.21875,26987.646923239176,0.0,7.0,1596,210.84099158780606,-2.9459862721862073,-3.4345054553374457,0
12.637931818686354,2.1057575641063058,176.33333333333334,63.333333333333336,0.3601421188630491,0.582815512079078,0.1933165169599278,0.22386797096099423,2.132399333335343,guillotine,128,0.9,1,60,37,0.9,15.609375,21083.12024678993,0.0,7.0,2220,164.71187692804634,-7.389126592144159,-5.4891501015089705,0
17.79068155522073,2.3409446596081662,225.66666666666666,85.0,0.37869840207801664,0.5365576104909717,0.21379675347839514,0.24964563603063314,1.4743983333270687,guillotine,128,0.9,2,65,50,0.8996923076923077,22.84375,33806.92920625649,0.0,7.0,3250,264.11663442387885,-1.6107434119413888,-1.7816947962621335,0
7.341915169184346,2.3794440246252226,166.33333333333334,57.0,0.3449645177095351,0.5982383538886519,0.22573006063862855,0.17603158547271966,2.334480100000898,guillotine,128,0.9,3,72,45,0.9,22.78125,30161.536094784904,0.0,7.0,3240,235.63700074050706,-0.36110005259605593,-0.41748253240422617,0
15.160650602813718,2.524285366605581,208.66666666666666,66.0,0.31632467724319313,0.656684125912343,0.18670418008436593,0.15661169400329106,1.6392800666653784,guillotine,128,0.9,4,40,40,0.899375,11.2421875,30979.706423652347,0.0,7.0,1600,242.02895643478396,-0.02802104996090371,0.02178308442837462,0
22.43973804879923,4.440936278988411,194.66666666666666,81.33333333333333,0.41792468183445636,0.6284813766016774,0.1215368869504208,0.24998173644790186,1.7912776999971054,guillotine,128,0.9,5,55,53,0.8998284734133791,20.4921875,21626.551075006504,0.0,7.0,2915,168.9574302734883,-2.353111239154291,-1.0785129626268706,0
8.078812475213299,0.4856365841534629,288.3333333333333,44.0,0.15279921548140982,0.6277966563326799,0.15246465563764475,0.21973868802967536,1.1160874999962591,guillotine,128,0.9,6,47,37,0.8999424956871765,12.2265625,31297.0230125183,0.0,7.0,1739,244.50799228529922,-2.266594904204858,-0.5767750970505627,0
14.865778309244426,0.8562123003383139,266.0,79.0,0.29767474503061436,0.59611135743087,0.10919660589144257,0.29469203667768745,1.1837499333390344,guillotine,128,0.9,7,51,36,0.8997821350762527,12.90625,25471.417737666332,0.0,7.0,1836,198.99545107551822,-3.333569925915233,-2.244671333757987,0
11.118004993812312,1.5421185908104562,226.33333333333334,68.0,0.30148039958166545,0.6139443362544629,0.14174916152764253,0.24430650221789463,1.4958560333325295,guillotine,128,0.9,8,58,34,0.8995943204868154,13.859375,26064.94528856488,0.0,7.0,1972,203.63238506691312,-2.4038921380004385,-1.0422519613094874,0
17.06147084673976,1.7208278080792045,229.66666666666666,78.0,0.3446933809477537,0.6057342445934419,0.11779254931493538,0.2764732060916227,1.4649758999973226,guillotine,128,0.9,9,55,47,0.8994197292069632,18.1640625,23008.96675977791,0.0,7.0,2585,179.75755281076493,-2.639920019548164,-2.829169720582289,0
11.10793987530649,1.48382950382796,235.66666666666666,63.666666666666664,0.2706299534026,0.4862275437168244,0.02146655758842761,0.492305898694748,1.959992933329583,guillotine,128,0.95,0,47,42,0.9498480243161094,14.6484375,25245.21974705838,0.0,7.0,1974,197.2282792738936,0.6033970085481855,-1.5662323063413197,1
7.465566481170792,0.779958442025861,234.66666666666666,66.0,0.2812579611180157,0.4644472269126932,0.03837755445804552,0.4971752186292613,1.459879533329513,guillotine,128,0.95,1,58,35,0.9497536945812808,15.0625,25633.52994892421,0.0,7.0,2030,200.2619527259704,-8.60987811538451,-4.514135080854426,0
12.82490779968496,2.5466515981636118,180.33333333333334,59.666666666666664,0.3316206438378384,0.6763463840386917,0.022397463121445024,0.30125615283986323,2.2835073333311207,guillotine,128,0.95,2,47,28,0.9490881458966566,9.7578125,28753.31457081445,0.0,7.0,1316,224.6352700844879,-5.067957916399635,2.756668170683284,0
13.0266535783578,3.249652502188088,178.33333333333334,63.666666666666664,0.35710731850873234,0.638786734219309,0.0,0.361213265780691,2.3234912666666787,guillotine,128,0.95,3,40,34,0.95,10.09375,25807.58817946449,0.0,7.0,1360,201.62178265206632,4.731558101536489,1.178667869739904,1
10.269443427317354,2.2928270992971833,213.66666666666666,56.333333333333336,0.26344658501056606,0.41638798273869365,0.07946116548012283,0.5041508517811836,2.1058434333341816,guillotine,128,0.95,4,72,53,0.949685534591195,28.3125,17374.4392786578,0.0,7.0,3816,135.73780686451406,-9.894244766155897,-8.481639243915295,0
6.256587608642119,1.3821768009308737,213.0,53.0,0.24882629107981222,0.4726134585289515,0.07355242566510171,0.45383411580594685,1.649390500000057,guillotine,128,0.95,5,70,54,0.95,28.0546875,27721.813802123885,0.0,7.0,3780,216.57667032909285,-3.0246574712824357,-3.3098206364003007,0
4.199346305044638,2.000429358526976,206.0,30.666666666666668,0.14886731391585759,0.5016181229773463,0.05016181229773462,0.4482200647249191,1.710896133328788,guillotine,128,0.95,6,63,45,0.9499118165784832,21.0390625,34220.77700569224,0.0,7.0,2835,267.3498203569706,-6.827721673791795,-8.196396586826655,0
7.121745257044471,2.4606812037104446,176.66666666666666,48.666666666666664,0.2761164012103569,0.4258221615788806,0.0454174097803784,0.5287604286407409,2.5835660999970664,guillotine,128,0.95,7,56,46,0.9495341614906833,19.109375,21754.89650345962,0.0,7.0,2576,169.96012893327827,-5.835893901583869,-3.0673740499573743,0
7.680542682978199,1.8912402361657161,210.66666666666666,39.333333333333336,0.1867444737587384,0.395482120764954,0.07595880099569229,0.5285590782393538,1.8132974666611215,guillotine,128,0.95,8,70,55,0.9498701298701299,28.5703125,21951.20683895579,0.0,7.0,3850,171.4938034293421,-5.601431638837942,-2.1555585613266945,0
6.302361248733599,1.5349944855376834,206.66666666666666,55.0,0.2678234865045312,0.4800717297695702,0.05159373008909789,0.46833454014133186,1.7614585666645628,guillotine,128,0.95,9,56,49,0.9497084548104956,20.359375,27556.280219318767,0.0,7.0,2744,215.28343921342787,0.7231005404229993,-0.3682128030606435,1
9.53270417051944,2.9074564399578686,161.33333333333334,57.333333333333336,0.35587799780886,0.6326240038447525,0.028982509842875,0.3383934863123725,2.59919626666912,guillotine,128,0.95,10,51,34,0.9498269896193772,12.8671875,34275.46246228594,0.0,7.0,1734,267.7770504866089,1.0368928742505332,0.39083855209637086,1
13.046878237451297,2.834759051021703,180.33333333333334,65.0,0.36117781882868094,0.6119204980842912,0.03699131089217297,0.3510881910235359,2.0634440333378734,guillotine,128,0.95,11,47,37,0.9499712478435882,12.90625,27366.3922842461,0.0,7.0,1739,213.79993972067265,-7.524070948685015,1.0396338206941635,0
7.277175491700905,1.8006194994985076,224.66666666666666,49.0,0.21810762625794966,0.4124908248857612,0.056377075515930235,0.5311320995983086,1.705457466673882,guillotine,128,0.95,12,62,60,0.95,27.609375,29690.330574207066,0.0,7.0,3720,231.9557076109927,-5.2592241357654945,-7.838781290238634,0
10.897823075232589,1.380337749766242,230.33333333333334,64.0,0.2779290452683656,0.4908570945180771,0.0666453818844673,0.4424975235974557,1.4433321333344793,guillotine,128,0.95,13,63,40,0.95,18.703125,26854.71856588209,0.0,7.0,2520,209.80248879595382,-2.9963342952859993,-6.638897934830647,0
10.007611078388182,0.9774930844487809,237.33333333333334,54.666666666666664,0.23036663711235406,0.5288718793609324,0.008363985206480079,0.4627641354325875,2.5445030333309355,guillotine,128,0.95,14,46,34,0.948849104859335,11.59375,29834.521625068963,0.0,7.0,1564,233.08220019585127,-4.5732716352189495,1.114338881095211,0
5.2520336539390335,1.5663903383247912,193.33333333333334,54.666666666666664,0.2837024883784523,0.4364232977850697,0.10138091331692645,0.4621957888980039,2.5111711000014716,guillotine,128,0.95,15,68,52,0.9496606334841629,26.234375,25728.727164513275,0.0,7.0,3536,201.00568097275996,-10.567315933226913,-9.86313546060689,0
14.658025613828185,1.2924019626781185,257.6666666666667,80.0,0.3105124244554529,0.5622946297608967,0.04142209539510889,0.39628327484399445,1.3317192666630338,guillotine,128,0.95,16,43,30,0.9496124031007752,9.5703125,24143.91912154309,0.0,7.0,1290,188.6243681370554,-1.9832286938154002,5.139979700847491,0
3.170642683107714,1.2231020617061013,217.0,31.666666666666668,0.1463854228560111,0.663339275103981,0.011962764903941376,0.3246979599920776,1.8871618666647312,guillotine,128,0.95,17,49,31,0.9493087557603687,11.265625,29684.52083993997,0.0,7.0,1519,231.91031906203102,4.2530452674623485,1.540734584051298,1
10.946421278870295,3.3392389705173797,179.66666666666666,63.0,0.3510591551631223,0.5906541474940928,0.03528605710548255,0.3740597954004247,2.0298096333329645,guillotine,128,0.95,18,45,37,0.948948948948949,12.34375,29576.826849365076,0.0,7.0,1665,231.06895976066465,-1.22215288623255,3.8891640808799908,0
7.6262833487035735,2.5234724083675397,178.0,60.333333333333336,0.34036236840053263,0.6270766183155625,0.03929213221643057,0.3336312494680069,2.159618566661569,guillotine,128,0.95,19,49,34,0.9495798319327731,12.359375,23507.76784496169,0.0,7.0,1666,183.6544362887632,-0.9911834621085838,-0.08333480622884792,0
9.550311403932286,3.0364440174114016,157.0,85.33333333333333,0.5435256220751665,0.8789776184559704,0.0382175941717988,0.08280478737223072,2.974352233334988,guillotine,256,0.9,0,87,79,0.8997526553179107,24.15625,88258.06170500124,0.0,8.0,6873,344.7580535351611,-3.4835260707296847,3.73389448871937,0
3.530442724250673,1.7652213621253365,167.33333333333334,34.333333333333336,0.2050968262506724,0.8804656881579959,0.09562744947360331,0.023906862368400828,2.9729629666738524,guillotine,256,0.9,1,80,48,0.9,13.5,84030.32038765094,0.0,8.0,3840,328.24343901426147,-13.974366117056746,4.088353032116089,0
6.632338596026216,2.2144533428399957,137.33333333333334,43.0,0.31276247708763544,0.8665876496232189,0.03864822849718091,0.09476412187960019,2.9317830666647446,guillotine,256,0.9,2,100,64,0.89984375,22.49609375,127606.84241838979,0.0,8.0,6400,498.4642281968351,-5.546588447510597,7.395330467487672,0
5.190316977324586,1.4184341286629463,154.66666666666666,64.66666666666667,0.4173657043424009,0.8923855665982657,0.036403575043583235,0.071210858358151,2.978320200010785,guillotine,256,0.9,3,83,53,0.8999772675608093,15.46484375,94101.69553292103,0.0,8.0,4399,367.5847481754728,-6.703442947440024,4.358071478938596,0
7.761307456175622,2.86742104892553,170.0,78.0,0.4588401735899885,0.8882171058399996,0.04118317153263173,0.07059972262736869,2.9804015333308294,guillotine,256,0.9,4,71,64,0.8996478873239436,15.96875,133500.20729059525,0.0,8.0,4544,521.4851847288877,-1.7955780149132252,0.8731603893997839,0
6.916242079972122,2.3011656592338112,144.0,63.666666666666664,0.4425535322302789,0.8915327885609429,0.03893805171177434,0.06952915972728278,2.8071133333335943,guillotine,256,0.9,5,100,59,0.8998305084745762,20.73828125,83334.51030035202,0.0,8.0,5900,325.5254308607501,-2.1959001879774327,7.3991211337539795,0
5.5268865677057795,1.560229730654056,114.0,47.333333333333336,0.41424379575813125,0.8330065983321172,0.043945632017863924,0.12304776965001897,2.970511133336307,guillotine,256,0.9,6,96,70,0.8998511904761904,23.62109375,104390.41879532687,0.0,8.0,6720,407.7750734192456,-7.79867908770383,5.797928430982135,0
3.570255724723286,1.4463848670586437,105.33333333333333,34.666666666666664,0.32873816161089064,0.8668212695055914,0.009512766463886333,0.12366596403052232,2.9545573999979147,guillotine,256,0.9,7,100,82,0.8998780487804878,28.82421875,90355.57370292908,0.0,8.0,8200,352.9514597770667,-0.6064473668206958,7.748386972662973,0
7.557942252466358,2.1557566894431277,174.0,74.0,0.4252967213062888,0.8774029252921021,0.0708717977922682,0.05172527691562972,2.9336008666674993,guillotine,256,0.9,8,74,44,0.8998771498771498,11.4453125,116540.26881702505,0.0,8.0,3256,455.2354250665041,-8.995178101045493,0.8164892444849396,0
5.66650396994669,2.0246227954280376,146.33333333333334,53.666666666666664,0.36669322383608094,0.8861259218402076,0.04552767052767053,0.06834640763212192,2.982124799998322,guillotine,256,0.9,9,100,68,0.8998529411764706,23.90234375,155600.823420741,0.0,8.0,6800,607.8157164872696,-1.1667865742739885,5.583452107739232,0
2.880715526163908,1.200319621398025,131.0,34.0,0.2587819343065693,0.6484945255474452,0.022924270072992702,0.328581204379562,2.9872834000028283,guillotine,256,0.95,0,75,53,0.949937106918239,14.75,105015.11176999332,0.0,8.0,3975,410.2152803515364,-1.1223410472905435,2.464603918931714,0
2.9760050042364665,1.2573601300248374,108.33333333333333,23.0,0.21231170007928415,0.4615471740854004,0.0,0.5384528259145996,2.965952466664021,guillotine,256,0.95,1,100,80,0.949875,29.68359375,118363.56427762934,0.0,8.0,8000,462.3576729594896,-2.5214546775107536,1.548970691460859,0
0.5015928687170484,0.044880433892721366,123.0,4.0,0.0325217583217609,0.4417319093867829,0.008130439580440225,0.5501376510327769,1.773774899993441,guillotine,256,0.95,2,89,66,0.9499489274770173,21.796875,93591.86855094426,0.0,8.0,5874,365.593236527126,-3.781106231009133,-0.1877881477728538,0
1.8793100365464326,0.63533801980077,98.0,22.333333333333332,0.22742950925336347,0.4828987933111432,0.010218771362311188,0.5068824353265456,2.982005466668246,guillotine,256,0.95,3,100,81,0.95,30.05859375,81261.01335279229,0.0,8.0,8100,317.4258334093449,-4.5424548382987044,1.5806046552093065,0
1.386057137497313,0.6365107359392861,97.33333333333333,15.0,0.15309601745771959,0.6228859792689581,0.0,0.37711402073104194,2.9914561333328797,guillotine,256,0.95,4,66,51,0.9494949494949495,12.484375,110484.6892569103,0.0,8.0,3366,431.58081740980583,-3.14384000546665,1.2850928798410157,0
1.0714332108872515,0.16546265937795662,80.0,12.0,0.15,0.4000000000000001,0.012500000000000002,0.5875,2.969606933334338,guillotine,256,0.95,5,100,73,0.95,27.08984375,113144.27654350307,0.0,8.0,7300,441.9698302480589,-7.8108149541073235,-0.32185796763908936,0
4.712644230478702,1.6829313975983728,148.66666666666666,47.0,0.316146683596348,0.6793790434730033,0.006726525182901022,0.3138944313440958,2.9881821666640462,guillotine,256,0.95,6,60,58,0.95,12.9140625,117568.58111566612,0.0,8.0,3480,459.2522699830708,1.0999041446632773,4.857200675468854,1
3.539175428422648,1.4520639427722248,151.66666666666666,47.333333333333336,0.3120605435156519,0.6769011581240684,0.006593853915835339,0.31650498796009635,2.981321399997493,guillotine,256,0.95,7,64,49,0.9499362244897959,11.63671875,150712.06789974,0.0,8.0,3136,588.7190152333594,3.279491995917769,7.39153887696567,1
6.759234205327932,1.9541043038555241,132.33333333333334,60.0,0.4520058437968886,0.7548595723529875,0.03041398980819525,0.2147264378388171,2.9920131333346944,guillotine,256,0.95,8,75,45,0.949925925925926,12.5234375,115862.82213815102,0.0,8.0,3375,452.58914897715243,2.747324829159929,10.064628893914964,1
0.38979981892777116,0.09757062599476164,104.66666666666667,8.333333333333334,0.07888188608776843,0.40089169000933705,0.009577497665732959,0.58953081232493,2.9418917333338563,guillotine,256,0.95,9,100,70,0.95,25.9765625,115958.33945981541,0.0,8.0,7000,452.96226351490395,-7.23764315034521,-2.2855247888674692,0
2.6446011910219256,1.2769340120190746,129.0,28.0,0.21577288269562192,0.6507179412139904,0.007787545430214438,0.34149451335579517,2.8518112000019755,guillotine,256,0.95,10,73,47,0.9495773826872632,12.7265625,79025.15764354954,0.0,8.0,3431,308.6920220451154,2.1151223293095534,7.144888963211466,1
4.064905438845311,1.4807792610952628,163.0,61.0,0.37421742656417695,0.7177843296269818,0.02454049307591463,0.2576751772971036,2.9898482333276966,guillotine,256,0.95,11,57,51,0.9494324045407637,10.78125,70426.96151339638,0.0,8.0,2907,275.1053184117046,1.9350816315824195,4.429674588234059,1
1.1490789397016141,0.49221856797617947,84.66666666666667,17.0,0.20043847466370382,0.36152941461758575,0.0,0.6384705853824143,2.833611366664021,guillotine,256,0.95,12,93,72,0.9499701314217444,24.84765625,108976.93404437687,0.0,8.0,6696,425.69114861084716,-4.009374179068877,1.522147663701352,0
3.456709906184118,1.1810425118035275,106.33333333333333,29.333333333333332,0.2762629295962629,0.5543743743743744,0.018845512178845513,0.42678011344678013,2.6889690666672927,guillotine,256,0.95,13,88,49,0.9499072356215214,16.0,112901.86837562527,0.0,8.0,4312,441.0229233422862,-3.1768759072451207,2.9681192873805413,0
1.1533250916545785,0.5766625458272893,116.33333333333333,16.333333333333332,0.14038707142155418,0.4326554671382257,0.017192258571568916,0.5501522742902053,2.968001933331834,guillotine,256,0.95,14,100,72,0.9498611111111112,26.71484375,85318.83872273102,0.0,8.0,7200,333.27671376066803,-8.64195723959322,1.7878445577100779,0
1.8480200369696043,0.7438431400317899,140.33333333333334,24.0,0.170917811205581,0.7054552162465831,0.0,0.2945447837534168,2.944830966667117,guillotine,256,0.95,15,78,61,0.949978982765868,17.65625,102158.9100525843,0.0,8.0,4758,399.0582423929074,-1.6562132602677302,-0.46671854224429765,0
1.6238115078481965,0.40475565165888333,108.66666666666667,19.333333333333332,0.17790387182910547,0.4416444147752559,0.009206720071206051,0.549148865153538,2.9555656000011368,guillotine,256,0.95,16,99,74,0.9499044499044499,27.18359375,102601.0292201659,0.0,8.0,7326,400.78527039127306,-2.425836553109079,3.3405725180917587,0
0.7835935835637408,0.3783826504855949,106.33333333333333,11.0,0.10156359201807241,0.41837127854190853,0.0,0.5816287214580914,2.963765100003608,guillotine,256,0.95,17,100,68,0.95,25.234375,106698.88999947492,0.0,8.0,6800,416.7925390604489,-3.5792714353669295,1.4653680817566652,0
1.581486801751175,0.6616536058759748,120.66666666666667,12.0,0.09945818186372231,0.46126818157150407,0.01657636364395372,0.5221554547845422,2.3776394666638225,guillotine,256,0.95,18,91,58,0.9499810534293293,19.5859375,90144.22066287001,0.0,8.0,5278,352.12586196433597,-7.13521494610195,-1.910238836367662,0
2.8046381977578085,1.3027435202593405,130.0,43.333333333333336,0.3312992626493771,0.5803457920162726,0.03877447241291635,0.38087973557081106,2.954493800003547,guillotine,256,0.95,19,80,66,0.95,19.59375,80266.6451345075,0.0,8.0,5280,313.54158255666994,-3.8592947165788907,-0.7534690547083809,0
18.89654382172506,0.9806503792873359,625.6666666666666,22.0,0.03564368569403816,0.39922535348852906,0.16463169878745573,0.43614294772401513,2.877047933327655,nonslicing,32,0.9,0,29,19,0.896551724137931,15.4375,2398.8371155119157,1.0,5.0,551,74.96365985974737,2.004068798565754,0.5863467293190467,1
14.76679886673042,1.0767461978214818,801.0,17.333333333333332,0.021617287540096255,0.5361239411506592,0.07572095885083917,0.38815509999850156,2.701014099996731,nonslicing,32,0.9,1,20,16,0.9,9.0,1546.087726666627,1.0,5.0,320,48.315241458332096,1.0466994328383485,-0.08109548118612686,1
16.159129264578016,0.591534142473996,1219.0,23.0,0.01889259657373717,0.45760202064968375,0.14316472284865914,0.39923325650165714,2.697997899997669,nonslicing,32,0.9,2,27,16,0.8958333333333334,12.09375,2254.6752423645025,1.0,5.0,432,70.4586013238907,0.46724832615877077,0.13384110656024717,1
20.551540960427015,1.549755543696856,1037.6666666666667,40.0,0.03860527260223246,0.3371116318044936,0.14079919988008785,0.5220891683154184,2.8629932999950447,nonslicing,32,0.9,3,36,26,0.8985042735042735,26.28125,2001.0457007301864,1.0,5.0,936,62.532678147818324,2.235905858204447,2.3353705965404465,1
12.051553002682247,1.0942660831962796,890.6666666666666,33.0,0.03692524534952251,0.2951485309698138,0.13835382169580404,0.5664976473343821,2.777277666663091,nonslicing,32,0.9,4,34,20,0.9,19.125,1997.3839303407929,1.0,5.0,680,62.41824782314978,0.4163940460679001,-2.4043616103241554,1
15.282350376906138,0.8433383874537137,1150.6666666666667,26.666666666666668,0.023530502754742787,0.5338937084397014,0.09741781711777764,0.368688474442521,2.6349492333295834,nonslicing,32,0.9,5,25,15,0.8986666666666666,10.53125,2264.97565330827,1.0,5.0,375,70.78048916588344,1.2166836321948509,1.2509837597602846,1
17.080577234043222,2.387594070429083,978.0,33.333333333333336,0.033973001450753534,0.33561575598792687,0.1383200553051124,0.5260641887069607,2.8379243666665084,nonslicing,32,0.9,6,29,23,0.8980509745127436,18.71875,2201.53480774808,1.0,5.0,667,68.7979627421275,1.6592574453970848,-0.8461072293019001,1
13.385664176890387,0.48031555965401057,1179.3333333333333,24.333333333333332,0.020599840494430668,0.36498546039756347,0.17019783985489556,0.464816699747541,2.74401019999641,nonslicing,32,0.9,7,32,18,0.8975694444444444,16.15625,1892.4823152861477,1.0,5.0,576,59.140072352692115,1.542641938213297,0.4803552546344054,1
26.01296813824412,1.1094064396787455,627.0,29.0,0.04604006511706985,0.4080037814043543,0.13416061607340377,0.4578356025222419,2.4002044333319645,nonslicing,32,0.9,8,24,18,0.8981481481481481,12.125,1808.8794156024076,1.0,5.0,432,56.527481737575236,2.0444006517564546,-2.877589644336684,1
16.10841539279703,1.1410122967410343,567.3333333333334,25.0,0.04414034467750907,0.298019653395353,0.12620192049770337,0.5757784261069436,2.831224133328457,nonslicing,32,0.9,9,36,25,0.9,25.3125,1817.7439002386848,1.0,5.0,900,56.8044968824589,4.298323446844545,0.7055391158153981,1
11.894396971536542,1.611859054050021,1240.0,24.0,0.019292490861954593,0.3576304184749188,0.06631392739858198,0.5760556541264993,2.9692919999991623,nonslicing,32,0.95,0,21,19,0.9473684210526315,11.8125,2146.1996316050277,1.0,5.0,399,67.06873848765711,1.8014937654468994,2.5725075539290536,1
6.012679911186076,0.8699055743552969,1234.3333333333333,23.666666666666668,0.01920903137332684,0.4181972884072167,0.05215634822751117,0.5296463633652722,2.9874668666743673,nonslicing,32,0.95,1,24,15,0.9472222222222222,10.65625,2928.7038489195247,1.0,5.0,360,91.52199527873515,0.5819806977906374,2.519274119419512,1
15.96540435914865,1.0978211074871,858.6666666666666,33.333333333333336,0.039512265621524496,0.2283118515782615,0.07007676675873138,0.7016113816630071,2.9500287666693716,nonslicing,32,0.95,3,28,27,0.9497354497354498,22.4375,1996.3774349638134,1.0,5.0,756,62.38679484261917,-2.550350892404623,-1.4840615898470197,0
22.21121175874156,0.871261248793326,982.0,24.333333333333332,0.024707534412020362,0.24557611901877918,0.041704270846005885,0.712719610135215,2.9730991333393226,nonslicing,32,0.95,4,29,18,0.9482758620689655,15.46875,2212.335835262155,1.0,5.0,522,69.13549485194234,3.538033635972692,3.2049488576726226,1
8.489753784084089,0.24183627937348998,755.6666666666666,20.666666666666668,0.02709533291761472,0.11603669314064391,0.05602822555592036,0.8279350813034357,2.9131148999974052,nonslicing,32,0.95,5,37,25,0.9481081081081081,27.40625,2401.349654458647,1.0,5.0,925,75.04217670183272,-1.2184089148063624,-0.9723962418297383,0
19.041134968169867,1.6077270866970508,723.6666666666666,37.0,0.05141091432907616,0.42747278225921587,0.059964169351829966,0.5125630483889542,2.7135147999943,nonslicing,32,0.95,6,21,15,0.946031746031746,9.3125,1986.8167039319073,1.0,5.0,315,62.088021997872104,3.6966367904640407,3.992774600622333,1
9.379411838729029,0.3648755816266947,638.3333333333334,18.666666666666668,0.02920246937719358,0.24663189788056228,0.06543420081854294,0.6879339013008948,2.8910296000006688,nonslicing,32,0.95,7,29,18,0.9482758620689655,15.46875,1832.6723212611507,1.0,5.0,522,57.27101003941096,4.830101286186087,3.5561931764971746,1
7.738554754495181,0.5958004653981539,1250.6666666666667,22.666666666666668,0.018126104951245964,0.37089804948386734,0.05473365757410883,0.5743682929420237,2.9494279333302984,nonslicing,32,0.95,8,22,19,0.9473684210526315,12.375,2369.543629074828,1.0,5.0,418,74.04823840858838,1.6468819653728453,1.7836053675761923,1
11.612041213815639,0.7941714780723218,976.3333333333334,31.333333333333332,0.03206266845303534,0.1722398805344015,0.05977925225009434,0.7679808672155041,2.934564800001681,nonslicing,32,0.95,9,27,25,0.9496296296296296,20.03125,1589.3774524075243,1.0,5.0,675,49.668045387735134,-2.6402013690612485,-2.301992788977177,0
22.126690336747313,0.6344604534926978,1053.6666666666667,25.333333333333332,0.024087327751226142,0.46604486992860217,0.04060329473128691,0.4933518353401109,2.8652122666680953,nonslicing,32,0.95,10,23,13,0.9464882943143813,8.84375,2209.2091309799494,1.0,5.0,299,69.03778534312342,1.5180730417679626,-1.4934709657550336,1
15.86466456475007,1.7886468848380594,1081.3333333333333,23.0,0.02127806670264941,0.3471156689883417,0.05577303256921203,0.5971112984424463,2.843683033332733,nonslicing,32,0.95,11,25,18,0.9488888888888889,13.34375,1742.1228199398167,1.0,5.0,450,54.44133812311927,4.191620220947545,3.788447895107847,1
10.701347189886823,2.6540953285780673,1156.3333333333333,23.0,0.019847290417983582,0.3469982985364301,0.07546187247532794,0.577539828988242,2.9717646333301673,nonslicing,32,0.95,12,27,17,0.9477124183006536,13.59375,2417.4251789067143,1.0,5.0,459,75.54453684083482,4.789103062257521,4.0112202994296755,1
10.518019864230181,0.649368253350584,1063.3333333333333,27.0,0.025474192728197304,0.188264259683024,0.056248834647003976,0.7554869056699719,2.964493133336267,nonslicing,32,0.95,13,23,22,0.9466403162055336,14.96875,2051.064048292957,1.0,5.0,506,64.09575150915491,-3.7972569268868845,-1.6740490917665358,0
18.63518873303869,3.223905438030782,620.6666666666666,33.0,0.05400709091647716,0.3040070451270344,0.05910517758080014,0.6368877772921655,2.8411700000045434,nonslicing,32,0.95,15,27,16,0.9467592592592593,12.78125,2459.3983500880354,1.0,5.0,432,76.8561984402511,1.459734521066821,1.8672702164799801,1
7.065718274501652,0.2539204056696347,1370.0,20.666666666666668,0.015056945345324287,0.502715771273263,0.07098135519598275,0.4263028735307543,2.9073399666619175,nonslicing,32,0.95,16,20,18,0.95,10.6875,2879.9977438541637,1.0,5.0,360,89.99992949544261,2.1657868387148937,-0.08897953473115194,1
6.849847655066809,0.2933154330207988,898.0,17.0,0.018878420366843743,0.10351683872907687,0.06047951956165848,0.8360036417092646,2.9754542333297045,nonslicing,32,0.95,17,34,26,0.9479638009049773,26.1875,1273.4605462952788,1.0,5.0,884,39.795642071727464,-7.855443768886994,-8.250797806044233,0
18.071912563573374,1.3120691636969042,994.0,30.0,0.03038279614224051,0.25824701327419824,0.06350996561439627,0.6782430211114056,2.9293089999991935,nonslicing,32,0.95,18,25,22,0.9490909090909091,16.3125,2096.6565621051636,1.0,5.0,550,65.52051756578636,2.0093699018768483,3.0802132469126207,1
14.421565412217554,1.2738107449016904,919.6666666666666,21.333333333333332,0.023273275438223887,0.26208344455767135,0.07862497924353594,0.6592915761987926,2.7251842000017255,nonslicing,32,0.95,19,29,18,0.9482758620689655,15.46875,2204.346719074394,1.0,5.0,522,68.88583497107481,0.30607581671510786,-1.6048117999124578,1
10.989571502672545,0.3144087632766596,509.6666666666667,36.333333333333336,0.07133248340759306,0.3185827343242365,0.17196746205792257,0.5094498036178409,2.6223585333355004,nonslicing,64,0.9,0,44,42,0.8998917748917749,25.984375,7049.342303655031,1.0,6.0,1848,110.14597349460986,-1.0366708097542396,-2.493323822039036,0
14.119864763224784,0.30865009846928143,496.6666666666667,41.0,0.0839198138520914,0.3833758841753782,0.09873272692213902,0.5178913889024828,2.3615896999981487,nonslicing,64,0.9,1,43,27,0.8983634797588286,16.296875,6587.422238913961,1.0,6.0,1161,102.92847248303065,-0.6369659370545371,-1.5871748830916346,0
18.35212306201713,0.1873209066143886,329.6666666666667,45.333333333333336,0.13825609393039348,0.45426258274388753,0.11020544094443574,0.43553197631167667,1.6499411333352327,nonslicing,64,0.9,2,33,29,0.8986415882967607,13.4375,6485.004832252995,1.0,6.0,957,101.32820050395304,-3.4019474194629,-2.510626610316887,0
10.485695065425361,0.0810025792418454,312.0,28.666666666666668,0.09239969718571756,0.3205091749724172,0.15967269910171575,0.519818125925867,2.2971294333353094,nonslicing,64,0.9,3,44,42,0.8998917748917749,25.984375,6858.773626855529,1.0,6.0,1848,107.16833791961764,-3.0540690010458107,-3.3077987032149565,0
15.716963406580016,0.31809264363135714,511.6666666666667,40.333333333333336,0.07879406354296815,0.30092659039140507,0.1530377629618401,0.5460356466467547,2.739641099998456,nonslicing,64,0.9,4,44,42,0.8993506493506493,25.96875,6607.970478713405,1.0,6.0,1848,103.24953872989695,-1.8116080894043023,-2.094692324904681,0
7.397420012354618,0.41732622330162544,566.3333333333334,28.666666666666668,0.05060218310346776,0.42364192688160984,0.14666788710006576,0.42969018601832437,2.6150648999998034,nonslicing,64,0.9,5,38,25,0.9,13.359375,7083.367871945149,1.0,6.0,950,110.67762299914295,1.5351092459763631,-0.5922954886299188,1
7.062541282511205,0.0918511064687384,506.0,28.333333333333332,0.056037275284151304,0.3769689604472351,0.1512159636568332,0.47181507589593163,2.4900266333376444,nonslicing,64,0.9,6,44,42,0.8993506493506493,25.96875,6901.620514923579,1.0,6.0,1848,107.83782054568093,1.6279784951933216,-1.6134692966727702,1
14.21744951636944,0.29654477906031335,480.3333333333333,41.333333333333336,0.08605739998582913,0.298380546798785,0.12763404852561613,0.5739854046755988,2.809760299996318,nonslicing,64,0.9,7,44,39,0.8997668997668997,24.125,7639.423062442631,1.0,6.0,1716,119.36598535066611,2.7767475195984517,2.8425043481998458,1
21.481640619227473,0.29498807520447495,572.6666666666666,47.666666666666664,0.0831705084745799,0.5119220413608792,0.10704160747776575,0.3810363511613551,2.115976500004763,nonslicing,64,0.9,8,38,22,0.8995215311004785,11.75,6223.604390345052,1.0,6.0,836,97.24381859914143,0.02840251849053388,-1.2915043627811897,1
11.463385679872061,0.42219329047989707,460.6666666666667,25.0,0.054345666404469535,0.32104952630574984,0.13059810130054914,0.548352372393701,2.773285066660416,nonslicing,64,0.9,9,44,38,0.8995215311004785,23.5,7465.253481735709,1.0,6.0,1672,116.64458565212045,0.9995243451224454,-0.11062266581976132,1
8.633251159187614,0.021861051525605173,343.0,31.666666666666668,0.09288399423331957,0.44849272000696283,0.037831716842211593,0.5136755631508255,2.4037037333279536,nonslicing,64,0.95,0,27,25,0.9496296296296296,10.015625,7145.899019736971,1.0,6.0,675,111.65467218339018,1.483966511923283,0.701784410261963,1
11.139129397028528,0.07667882010038725,305.0,30.333333333333332,0.10051603751683547,0.3346566751897646,0.043361153850137724,0.6219821709600977,2.784646933335656,nonslicing,64,0.95,1,44,28,0.9496753246753247,18.28125,8220.016755812383,1.0,6.0,1232,128.43776180956849,1.751416446939409,0.1628058506281036,1
12.656559130919007,0.17511376011886023,577.6666666666666,36.333333333333336,0.0629246096998701,0.43474698106935517,0.03349366156437933,0.5317593573662655,2.728283400002207,nonslicing,64,0.95,2,35,22,0.948051948051948,11.40625,6975.347328131702,1.0,6.0,770,108.98980200205784,3.393800310794937,3.8307234348330734,1
8.186717732963343,0.1996937177663137,510.0,29.333333333333332,0.05745065073672221,0.2634132872732667,0.0410100052420982,0.6955767074846352,2.6235664000026495,nonslicing,64,0.95,3,40,31,0.9491935483870968,18.390625,7365.063273911574,1.0,6.0,1240,115.07911365486834,0.3785806435070356,0.6870991950892744,1
7.429275892681712,0.38801093320466107,457.0,25.333333333333332,0.055537854819880265,0.28204573134665084,0.05673862463130633,0.6612156440220428,2.6435017000039807,nonslicing,64,0.95,4,44,31,0.9494134897360704,20.234375,7631.567842547019,1.0,6.0,1364,119.24324753979717,3.8614013396898796,1.0477836347335794,1
13.803911805375,0.8773576132126518,432.0,37.0,0.08659174458855455,0.28444396750991946,0.06251783241096114,0.6530382000791194,2.8649526333368462,nonslicing,64,0.95,5,44,28,0.9488636363636364,18.265625,6136.525204726912,1.0,6.0,1232,95.883206323858,2.9683417537953467,1.4167850242372175,1
9.962070346504944,0.16733800691208303,444.3333333333333,30.0,0.06727932450730001,0.20394716813265915,0.06592103471778503,0.7301317971495558,2.7270682333328295,nonslicing,64,0.95,6,44,38,0.9497607655502392,24.8125,7273.660027289545,1.0,6.0,1672,113.65093792639914,-4.488390168300208,-5.220371544044729,0
17.1969272454888,0.38123702925323855,531.0,36.333333333333336,0.06918074581206596,0.4110779371292293,0.0374150034251173,0.5515070594456534,2.8600224333301107,nonslicing,64,0.95,7,28,22,0.9496753246753247,9.140625,5867.7093295684635,1.0,6.0,616,91.68295827450724,0.7381886748657109,-2.778849975860176,1
5.7619448683645444,0.05457969917241989,299.6666666666667,15.333333333333334,0.051799717908333674,0.2668892039859782,0.12078613732349952,0.6123246586905223,2.606028199996217,nonslicing,64,0.95,8,44,42,0.9496753246753247,27.421875,8154.668996310711,1.0,6.0,1848,127.41670306735486,3.7218097478533325,4.281231808003883,1
7.808131763416617,0.993188768933583,303.3333333333333,29.333333333333332,0.09620537369073212,0.2957265590892991,0.046169306677869205,0.6581041342328317,2.533405666666416,nonslicing,64,0.95,9,39,27,0.9487179487179487,15.609375,7991.581650437502,1.0,6.0,1053,124.86846328808596,1.7307942966395249,-0.7869344822389763,1
12.571080442239946,1.0558351806545883,572.3333333333334,37.666666666666664,0.0658444860504357,0.32563234883601017,0.04832317187008262,0.6260444792939072,2.6048388999964422,nonslicing,64,0.95,10,31,29,0.949944382647386,13.34375,6414.253252735925,1.0,6.0,899,100.22270707399883,1.5934952303418886,1.0272663358162646,1
7.648064685425113,1.1173291232696592,541.3333333333334,31.0,0.05718722143470545,0.27334645802421226,0.06156299789811357,0.6650905440776741,2.8525922666691863,nonslicing,64,0.95,11,35,33,0.9497835497835497,17.140625,8793.04261139945,1.0,6.0,1155,137.39129080311642,0.8106909569495038,-2.283167113290798,1
14.93509883341907,0.5021462696017291,499.0,33.333333333333336,0.06678409552188162,0.3164561041743579,0.054201191323216734,0.6293427045024255,2.435328933337587,nonslicing,64,0.95,12,34,26,0.9479638009049773,13.09375,5688.319767485988,1.0,6.0,884,88.87999636696857,-4.416733220985851,-4.70632418382095,0
9.47493813735025,0.6124619280462883,464.3333333333333,27.666666666666668,0.05948127895496316,0.2712861699703805,0.06680071390597707,0.6619131161236425,2.94696933333762,nonslicing,64,0.95,13,42,29,0.9499178981937603,18.078125,6675.658672697447,1.0,6.0,1218,104.30716676089762,4.777796069111906,2.155914099196023,1
12.899045753277202,0.9067091216027583,527.3333333333334,36.333333333333336,0.0690332196237708,0.36150917105641517,0.03487359097595318,0.6036172379676317,2.6833362333272817,nonslicing,64,0.95,14,37,23,0.9482961222091657,12.609375,6160.503446483502,1.0,6.0,851,96.25786635130471,-0.6640435853359001,-0.7455938803858242,0
7.330575726120969,0.5136436621251931,494.6666666666667,31.0,0.06264622307219353,0.21827118579093843,0.07141160174482057,0.7103172124642411,2.6136052000025907,nonslicing,64,0.95,15,44,41,0.9495565410199557,26.765625,7556.956566725923,1.0,6.0,1804,118.07744635509255,0.20785937119396003,0.9962906266325309,1
10.111885400698537,0.1910360770417343,292.0,30.0,0.10283656021002581,0.29217495444164354,0.06382817878810255,0.6439968667702539,2.5911187666642945,nonslicing,64,0.95,16,38,30,0.9491228070175438,16.90625,5738.005739461627,1.0,6.0,1140,89.65633967908792,-1.8144650408219292,-5.5884674329867785,0
6.698716790413222,0.4428700749897205,281.6666666666667,32.666666666666664,0.11620620297038593,0.23987590467467632,0.08799831187256434,0.6721257834527593,2.768031333335481,nonslicing,64,0.95,17,43,35,0.9488372093023256,22.3125,7726.668051858431,1.0,6.0,1505,120.72918831028798,0.6968549199878336,0.49609046886367025,1
8.818930997782571,0.0993785226140466,484.0,27.333333333333332,0.05647147032010156,0.18040964820352903,0.06748800790668746,0.7521023438897835,2.8007890333295413,nonslicing,64,0.95,18,44,40,0.9494318181818182,26.109375,5735.188173956431,1.0,6.0,1760,89.61231521806923,1.9418327075299189,2.091709305719924,1
10.371420859206653,0.49323129899898027,524.0,28.0,0.05345739162974378,0.26130685633510914,0.12773185605181328,0.6109612876130776,2.947156366664179,nonslicing,64,0.95,19,44,38,0.9497607655502392,24.8125,8139.455370198019,1.0,6.0,1672,127.17899015934405,5.765229130122103,3.5817737158286116,1
16.95171138791586,0.5234751768382875,290.3333333333333,70.0,0.24147677027357353,0.7054011280368285,0.09713123798652791,0.19746763397664346,1.129363666671755,nonslicing,128,0.9,0,47,30,0.9,9.9140625,30478.525427478053,1.0,7.0,1410,238.1134799021723,-1.233801213039854,0.32108115696192385,0
10.154468586967512,0.018659329156116716,310.0,74.33333333333333,0.23979646826974596,0.6817498228754783,0.11192338409373677,0.20632679303078508,1.5327857666658626,nonslicing,128,0.9,1,44,29,0.8989028213166145,8.9609375,27404.658171341012,1.0,7.0,1276,214.09889196360166,-1.4086896881083906,-1.1726399557664742,0
14.632657507337248,0.8116820806072926,281.0,68.66666666666667,0.24418463733509518,0.5174201666828698,0.16228401381758178,0.3202958194995484,2.2555107333367537,nonslicing,128,0.9,2,51,32,0.8995098039215687,11.46875,24189.438654682213,1.0,7.0,1632,188.9799894897048,-2.6929947169782302,-2.2241993857189435,0
17.197012949352544,0.8936521153710153,297.6666666666667,78.0,0.26575161577460427,0.5698843608498781,0.20659481146071182,0.22352082768941006,1.5777360999927623,nonslicing,128,0.9,3,46,40,0.9,12.9375,26941.302188463134,1.0,7.0,1840,210.47892334736824,-0.10872062087892331,0.6182357474089066,0
14.642827636974681,4.118881251569694,157.66666666666666,85.0,0.5400041605281825,0.5654669340317565,0.19470555737436568,0.23982750859387789,2.4009783999984697,nonslicing,128,0.9,4,72,53,0.899895178197065,26.828125,29513.64663848462,1.0,7.0,3816,230.5753643631611,-2.8713686675148082,-2.0734272698923153,0
17.071375442024703,5.096849993967471,181.0,66.0,0.36542641891489486,0.5067557385540233,0.20933077875413053,0.2839134826918461,1.9017447666701628,nonslicing,128,0.9,5,54,46,0.8993558776167472,17.453125,23912.54597917565,1.0,7.0,2484,186.81676546230977,-10.582211382515066,-15.454633082646605,0
11.713590586759823,0.4683416000765437,288.3333333333333,75.0,0.26012046604456196,0.5467216570769977,0.1642102596108063,0.28906808331219597,1.0986146000068402,nonslicing,128,0.9,6,52,39,0.8999013806706114,14.2578125,22838.847327353695,1.0,7.0,2028,178.42849474495074,-1.7844872676237689,-1.7818481736315945,0
12.831828386205466,0.8935545235907453,250.33333333333334,62.333333333333336,0.24904100815014485,0.5550734772962436,0.12900917508720214,0.3159173476165542,1.2640618000004906,nonslicing,128,0.9,7,63,36,0.8994708994708994,15.9375,26041.07319709229,1.0,7.0,2268,203.4458843522835,-2.7183032416274866,-0.85086325153517,0
11.649538300740794,1.900924212556873,235.66666666666666,61.0,0.25889445194566746,0.5161644668556379,0.12146707872569851,0.3623684544186636,1.3798629333323333,nonslicing,128,0.9,8,62,60,0.9,26.15625,30196.713422163222,1.0,7.0,3720,235.91182361065017,-0.7136932585868703,-0.9757158187894355,0
14.30304946785416,0.5722133187161752,280.3333333333333,70.66666666666667,0.2521100254649011,0.6409898052633838,0.08440806981884773,0.27460212491776853,1.6589409333343308,nonslicing,128,0.9,9,47,33,0.8994197292069632,10.8984375,24770.46705131497,1.0,7.0,1551,193.5192738383982,-2.4350390558976613,-1.9042230397234974,0
13.006249049228012,0.8924674767915827,282.3333333333333,70.66666666666667,0.2512140110805001,0.5468593970844976,0.025983642223199713,0.4271569606923027,2.317235900001833,nonslicing,128,0.95,0,44,35,0.9493506493506494,11.421875,31552.108381156922,1.0,7.0,1540,246.50084672778846,3.3552405461943113,6.1856044678106885,1
9.774744819497718,0.38682481902864296,268.3333333333333,53.0,0.1974607702335813,0.48802456129307625,0.03474610325107768,0.47722933545584606,2.8832469999955115,nonslicing,128,0.95,1,47,34,0.9493116395494368,11.8515625,26968.57111224677,1.0,7.0,1598,210.69196181442788,-3.6950470469208376,1.1967715743596141,0
10.920655213297303,2.5916403990570664,175.33333333333334,63.0,0.36078561296102735,0.6144850306107211,0.02679215818027973,0.35872281120899907,2.1736533333314583,nonslicing,128,0.95,2,50,38,0.95,14.1015625,27662.6312197335,1.0,7.0,1900,216.11430640416796,-1.1702495765851229,-1.6729961634116357,0
3.9051127058967157,1.4447933643620452,180.0,26.333333333333332,0.1472765847573362,0.6037128174143539,0.018501235881381656,0.3777859467042645,2.1344353666693983,nonslicing,128,0.95,3,54,33,0.9494949494949495,13.21875,26173.04232511362,1.0,7.0,1782,204.47689316495016,1.3394437142653288,4.112889660705994,1
1.1871412646197017,0.27617100365526603,281.0,10.666666666666666,0.0379932987407983,0.6319822191027665,0.02131952974206001,0.34669825115517344,1.9639835000028445,nonslicing,128,0.95,4,50,32,0.95,11.875,31735.95762444881,1.0,7.0,1600,247.93716894100632,2.4696229377798367,-0.08184338815228998,1
7.8634527433064365,2.1658069777516045,223.66666666666666,43.0,0.1922445547725817,0.4053758274610293,0.05216341020713219,0.5424607623318386,2.020178566662556,nonslicing,128,0.95,5,68,45,0.95,22.7109375,31572.95113544969,1.0,7.0,3060,246.6636807457007,3.4137406596224995,1.6530232567084218,1
9.282809015363632,2.0771777381708296,225.33333333333334,57.0,0.2532307908414103,0.49044985250737466,0.039491150442477876,0.4700589970501475,2.5064529666657713,nonslicing,128,0.95,6,55,42,0.9497835497835497,17.140625,26331.579168233657,1.0,7.0,2310,205.71546225182544,-2.635616044303898,-4.18937606780494,0
5.962085180078208,1.2374319440328716,218.33333333333334,53.666666666666664,0.2457862991304838,0.47328604610344777,0.07785123035197021,0.4488627235445821,2.045439499997883,nonslicing,128,0.95,7,67,38,0.9493322859387274,18.8828125,22810.480624936117,1.0,7.0,2546,178.20687988231342,-2.4880251047205135,-2.1301838147052568,0
18.618310920661667,0.8552009492154463,281.0,74.66666666666667,0.2657926868453184,0.5690636848531585,0.021361095045305572,0.4095752201015359,1.4694092333277997,nonslicing,128,0.95,8,45,30,0.9496296296296296,10.015625,17775.57594797207,1.0,7.0,1350,138.8716870935318,-2.873706941709017,-4.166690271500723,0
9.670237575786139,1.2634968032429819,258.3333333333333,57.0,0.22042255320483128,0.5005574091373397,0.06447513010581286,0.43496746075684745,2.4393058333322792,nonslicing,128,0.95,9,59,46,0.9498894620486367,20.140625,29447.77917506542,1.0,7.0,2714,230.0607748051986,1.8744307511894895,1.0154035840801452,1
13.360656700136603,3.6397571786443663,188.0,82.0,0.43830332722102394,0.6653793114044252,0.058534434580044314,0.2760862540155305,1.896454166669476,nonslicing,128,0.95,10,43,32,0.9498546511627907,10.2109375,33279.461352439845,1.0,7.0,1376,259.9957918159363,-1.4194688482033886,5.689707703467314,0
12.470533642198504,3.9182222711026014,164.0,62.0,0.3780704697732979,0.6117541568611448,0.05691192940931083,0.33133391372954446,2.406391866665217,nonslicing,128,0.95,11,59,33,0.9496661530559836,14.4453125,28015.917965658944,1.0,7.0,1947,218.8743591067105,-0.9960769969525565,9.337865832159459,0
0.8777757041313482,0.22726409328281347,237.66666666666666,9.0,0.037881755511911024,0.4970629375632756,0.05184452807659178,0.4510925343601326,1.413080966672472,nonslicing,128,0.95,12,61,41,0.9496201519392243,18.5546875,33675.671049409975,1.0,7.0,2501,263.09118007351543,1.5354407751571941,1.0782171088875896,1
8.782993821902318,1.2815966033310209,240.66666666666666,59.333333333333336,0.24655301451124387,0.4125851177291,0.0831443874620978,0.5042704948088021,1.3436089000024367,nonslicing,128,0.95,13,60,50,0.9496666666666667,22.2578125,33277.905873669566,1.0,7.0,3000,259.9836396380435,-3.6885252234776083,-5.125980759831402,0
7.405787891204807,1.7468343056759712,217.33333333333334,59.0,0.27147366789272676,0.36654265139023945,0.09356107047731789,0.5398962781324427,1.7393540333335598,nonslicing,128,0.95,14,61,53,0.9498917414166409,23.9921875,20254.210386551047,1.0,7.0,3233,158.23601864493006,-6.48342376841668,-7.80381792047773,0
8.44842620489724,0.9803966611476405,240.33333333333334,42.333333333333336,0.17611034188944508,0.6164128235168815,0.002710027100271003,0.38087714938284756,2.431592000008095,nonslicing,128,0.95,15,47,27,0.9495665878644602,9.4140625,27713.06994709664,1.0,7.0,1269,216.5083589616925,2.763490979091751,2.6501971808709284,1
9.122117061202042,2.000571719519812,206.0,56.666666666666664,0.27506253908692935,0.365697310819262,0.04531738586616635,0.5889853033145717,1.9109763000063442,nonslicing,128,0.95,16,72,52,0.9495192307692307,27.7734375,21470.57140251523,1.0,7.0,3744,167.73883908215024,-6.964275589006585,-3.2941710579593746,0
12.493912230613704,1.6289736925687723,228.33333333333334,68.33333333333333,0.302466793796415,0.5275706084415156,0.040902183306317695,0.4315272082521666,2.053315900004236,nonslicing,128,0.95,17,59,33,0.9491525423728814,14.4375,23259.93625842309,1.0,7.0,1947,181.7182520189304,-5.8095937356339675,2.1366178457050395,0
4.472589175363848,1.876827389428273,154.0,42.0,0.2737473018809744,0.47286040996725553,0.08029684815646887,0.44684274187627565,2.655452533334028,nonslicing,128,0.95,18,72,49,0.949546485260771,26.171875,36534.69554132716,1.0,7.0,3528,285.4273089166184,-4.771715099670231,-6.063640464547858,0
4.6875918348830545,0.9451826326121466,163.33333333333334,36.0,0.2204987172456743,0.5654927298340885,0.04497118663424799,0.38953608353166347,2.403163133339452,nonslicing,128,0.95,19,71,42,0.9496981891348089,22.125,27537.836671147772,1.0,7.0,2982,215.13934899334197,0.7803475421181805,-0.5575745866296788,1
12.39358904036135,4.799312197066983,197.66666666666666,88.66666666666667,0.4485446023493404,0.8280120281197094,0.15681030038531832,0.015177671494972284,2.9846186666642702,nonslicing,256,0.9,0,57,45,0.8994152046783626,9.01171875,92583.58924743415,1.0,8.0,2565,361.65464549778966,-10.5290129747914,-1.3742095005306254,0
4.54989450886682,1.6007284399850839,167.66666666666666,44.0,0.26240436527739586,0.8389572660888694,0.03578727420247346,0.12525545970865712,2.985307433332006,nonslicing,256,0.9,1,76,70,0.899812030075188,18.69921875,113274.86876725745,1.0,8.0,5320,442.4799561220994,-1.3594183159185977,0.3280141989715091,0
3.788167519503956,1.46512256217599,138.33333333333334,35.0,0.2529804093434687,0.7903444610680408,0.03614750671240674,0.17350803221955236,2.9720414333375325,nonslicing,256,0.9,2,92,64,0.899796195652174,20.6953125,95418.51747393853,1.0,8.0,5888,372.72858388257237,-8.816396616506472,5.087898638227484,0
4.395577581686705,1.4405023193719757,157.66666666666666,45.333333333333336,0.2875188612479804,0.7822510649093992,0.08455180333560336,0.1331971317549974,2.983005600001585,nonslicing,256,0.9,3,77,73,0.899839886141256,19.7578125,113761.36684478816,1.0,8.0,5621,444.38033923745377,-3.4743081114860797,1.8927078275523161,0
8.600260114694912,2.3410966279622034,171.33333333333334,69.66666666666667,0.40652645714794877,0.8015825282264736,0.06414760504576061,0.1342698667277657,2.968779466667911,nonslicing,256,0.9,4,74,53,0.8997960224375319,13.78515625,102028.09626535983,1.0,8.0,3922,398.5472510365618,-1.047038149018917,4.776893357238958,0
5.07578276460774,1.8086582296434968,143.66666666666666,47.0,0.3271497021497021,0.7494172494172494,0.03480315980315981,0.21577959077959077,2.749106433329871,nonslicing,256,0.9,5,100,78,0.9,27.421875,89691.86621022357,1.0,8.0,7800,350.3588523836858,-2.296261156782318,3.802322908839665,0
2.4823973327590023,0.9343297108566674,95.66666666666667,42.666666666666664,0.4451948782890108,0.7000140706345857,0.034684114253552834,0.2653018151118615,2.970657566669009,nonslicing,256,0.9,6,100,68,0.9,23.90625,103169.88480478212,1.0,8.0,6800,403.00736251868017,-1.075694312419456,6.190518813246239,0
5.410808843826597,2.09918280330364,123.0,50.666666666666664,0.41127142282033585,0.8562305900621118,0.02969432942259029,0.11407508051529791,2.9739805333326026,nonslicing,256,0.9,7,85,75,0.899921568627451,22.41015625,80857.8612624496,1.0,8.0,6375,315.85102055644376,-8.282773204900478,9.648209402192075,0
5.805336498524995,2.3072750450214645,162.0,54.0,0.3332822085889571,0.820973926380368,0.030866564417177916,0.148159509202454,2.9826979666637876,nonslicing,256,0.9,8,79,54,0.8999062353492733,14.99609375,120326.45358870791,1.0,8.0,4266,470.0252093308903,-2.7058598903248736,0.14404817166430384,0
16.185976551440024,5.125776894787351,188.66666666666666,128.66666666666666,0.6819295900178254,0.7632761437908496,0.2261215092097445,0.010602346999405822,2.982528666664924,nonslicing,256,0.9,9,64,40,0.9,9.0,86311.27663719699,1.0,8.0,2560,337.15342436405075,-2.0870269310421,1.3913476752488094,0
0.7504427708718739,0.1670675440601951,113.66666666666667,12.0,0.1055736686849868,0.35191222894995605,0.0087978057237489,0.6392899653262951,1.8574685999968399,nonslicing,256,0.95,0,100,75,0.9498666666666666,27.828125,124266.61653857642,1.0,8.0,7500,485.41647085381413,0.8626065608633184,4.048147950969929,1
2.3413284760777473,0.6522356874496402,122.33333333333333,33.0,0.26978270275467525,0.45781307134126714,0.016350466833616684,0.5258364618251162,2.9750439333341396,nonslicing,256,0.95,1,91,52,0.9497041420118343,17.5546875,94295.2170804346,1.0,8.0,4732,368.34069172044764,-0.8717786623728117,4.609899630177631,0
3.7697260883357777,1.594015793188915,163.66666666666666,63.0,0.3849319168038306,0.786148935108983,0.0,0.21385106489101702,2.9535256333329016,nonslicing,256,0.95,2,58,49,0.9493314567206192,10.5390625,92951.28533509433,1.0,8.0,2842,363.09095834021224,4.186026133660857,6.064479925984639,1
2.5780506607531817,1.0916442295628197,128.66666666666666,32.666666666666664,0.25387596899224807,0.48703972868217055,0.015544250645994831,0.4974160206718346,2.9742377333313925,nonslicing,256,0.95,3,100,64,0.94984375,23.74609375,108844.94807236618,1.0,8.0,6400,425.1755784076804,-2.5491093631517288,1.8270303356028776,0
0.4093390605190584,0.1439255570497763,102.0,5.0,0.046485260770975055,0.39321145124716556,0.03939909297052154,0.5673894557823129,1.2253574333299184,nonslicing,256,0.95,4,76,76,0.949792243767313,21.4296875,77801.02325555099,1.0,8.0,5776,303.91024709199604,-0.5497992276850336,3.2744054930549336,0
1.4326763500807889,0.46139683240095736,133.33333333333334,23.333333333333332,0.17501936054873327,0.4896928126267655,0.0075045174613710955,0.5028026699118634,2.9355491000023903,nonslicing,256,0.95,5,82,56,0.9499128919860628,17.0390625,117310.96175147298,1.0,8.0,4592,458.2459443416913,-3.6345797597871927,3.8347954199905017,0
3.536781382768487,1.0835648750996438,152.33333333333334,46.0,0.30197225088865953,0.6717692925123266,0.019693842449260406,0.30853686503841304,2.9317509999964386,nonslicing,256,0.95,6,74,69,0.9498629063846455,18.9453125,83968.53932389371,1.0,8.0,5106,328.0021067339598,0.8753067700063966,6.122836758192774,1
5.434929801895222,1.9119257658587674,165.33333333333334,65.33333333333333,0.39515638310819035,0.7762078617500304,0.01814530850675429,0.20564682974321527,2.9253643333310415,nonslicing,256,0.95,7,72,44,0.9494949494949495,11.75,113221.55813081848,1.0,8.0,3168,442.2717114485097,5.129539479718938,7.569474512949402,1
1.8292581871348599,0.5063155651595044,112.0,15.333333333333334,0.13679472150648062,0.33316312214326516,0.008931933091096933,0.6579049447656379,2.932346233331676,nonslicing,256,0.95,8,100,70,0.95,25.9765625,78029.07296559997,1.0,8.0,7000,304.8010662718749,-4.32608330067243,1.6963032430777831,0
0.9241528252509399,0.46207641262546995,130.0,12.0,0.09230769230769231,0.36153846153846153,0.0,0.6384615384615384,2.9910095333325444,nonslicing,256,0.95,9,100,76,0.95,28.203125,106536.19983309154,1.0,8.0,7600,416.1570305980138,-3.992281336514681,1.3089355466538297,0
3.742296672788459,1.5053076843996234,153.0,50.0,0.32679738562091504,0.8039215686274511,0.006535947712418301,0.1895424836601307,2.8126348666652725,nonslicing,256,0.95,10,76,51,0.9496904024767802,14.37890625,119914.66928981991,1.0,8.0,3876,468.416676913359,4.2415852847883055,7.816967831241549,1
2.4980250727241438,0.7987237527102673,126.66666666666667,28.666666666666668,0.226305045202683,0.5263092113485813,0.007894846477523643,0.4657959421738949,2.983394233340126,nonslicing,256,0.95,11,96,55,0.95,19.59375,95043.99184002893,1.0,8.0,5280,371.265593125113,-1.8224419560948562,3.3731894465105974,0
1.9479726599280411,0.8964944240187648,94.33333333333333,18.666666666666668,0.19793098510882015,0.4165879152348224,0.010612352042764414,0.5727997327224131,2.8246615666672974,nonslicing,256,0.95,12,73,52,0.9499473129610115,14.0859375,84636.09901098191,1.0,8.0,3796,330.6097617616481,1.485599365708545,6.96675333173355,1
4.266858118036505,1.883265798203072,158.0,40.0,0.2531446118314176,0.6265723059157088,0.006329282950581207,0.36709841113370995,2.9813093333311067,nonslicing,256,0.95,13,80,74,0.95,21.96875,124804.38360983579,1.0,8.0,5920,487.51712347592104,-0.554628521960403,1.6225285367256133,0
3.907961046834227,1.5240513034532304,151.0,53.0,0.35092221253511574,0.6157492976847816,0.006625012108883077,0.37762569020633535,2.984680366658722,nonslicing,256,0.95,14,77,66,0.9498229043683589,18.85546875,98084.8264496752,1.0,8.0,5082,383.1438533190437,-2.8821508052979565,0.13666573606422538,0
0.5513423270863055,0.18213435673313239,138.33333333333334,14.333333333333334,0.10354825383390766,0.4505189126010116,0.007230014307881426,0.5422510730911069,2.943397233330567,nonslicing,256,0.95,15,97,71,0.9497604181791781,25.55078125,130419.67660840029,1.0,8.0,6887,509.4518617515636,-3.043922734077083,1.8795612877510481,0
2.5851581942235495,1.250043847302472,136.0,32.0,0.2352941176470588,0.625,0.02941176470588235,0.3455882352941176,2.9781925666708653,nonslicing,256,0.95,16,90,56,0.95,18.703125,106833.41271781895,1.0,8.0,5040,417.3180184289803,-2.973012129945502,-0.2983463186425155,0
2.8961942384868316,1.2304787475923762,136.66666666666666,35.0,0.25536353410369156,0.5550904476101327,0.014673253255930422,0.43023629913393696,2.965486900007818,nonslicing,256,0.95,17,93,63,0.9499914661204983,21.7421875,70485.04760215925,1.0,8.0,5859,275.33221719593456,-9.464947834110342,1.759005529154778,0
3.919000960079727,1.3119422226290176,144.66666666666666,36.333333333333336,0.25111742938698844,0.6704563103780324,0.027658979651318413,0.3018847099706491,2.944898699997187,nonslicing,256,0.95,18,78,44,0.9498834498834499,12.734375,111329.5210973296,1.0,8.0,3432,434.88094178644377,1.0849307095499547,3.6793867920564494,1
1.2425931233341574,0.0,159.33333333333334,6.0,0.037657232704402514,0.592046645702306,0.018828616352201257,0.3891247379454927,0.09299100000256051,nonslicing,256,0.95,19,67,54,0.9499723604201216,13.42578125,148210.30015542894,1.0,8.0,3618,578.9464849821443,0.15774747789518928,2.701287222165554,1
