n,fill,budget_s,instances,M0,M1,ALNS,oracle_M0_M1,oracle_all3,headroom_pp,regret_always_M0,regret_always_M1,M1_win_fraction
32,0.9,0.0,20,0.0,0.0,0.0,0.0,0.0,0.0,0.0,0.0,0.0
32,0.9,0.1,20,10.837982179799635,10.907198568311653,2.5527624516481677,12.571040096228945,12.571040096228945,1.6638415279172918,1.7330579164293098,1.6638415279172918,0.5
32,0.9,0.3,20,15.298171106694163,12.622861105769543,5.40177104789591,15.667800300592312,15.667800300592312,0.36962919389814886,0.36962919389814886,3.044939194822769,0.2
32,0.9,1.0,20,18.59414279560376,15.05604338363003,10.287365069708438,19.047207793384157,19.047207793384157,0.4530649977803982,0.4530649977803982,3.991164409754127,0.2
32,0.9,3.0,20,20.43429845438533,17.759512823484027,14.830160686869746,21.042900461481874,21.11299204106288,0.6086020070965432,0.6086020070965432,3.2833876379978477,0.3
32,0.9,10.0,20,22.00554720210723,20.409107344029003,19.40312440950516,22.46001901391348,22.858138846294644,0.4544718118062505,0.4544718118062505,2.050911669884478,0.45
32,0.9,30.0,20,23.75979064018511,22.82889007295747,22.75563012414039,24.507265962552594,25.244294500275345,0.7474753223674853,0.7474753223674853,1.6783758895951237,0.65
32,0.9,60.0,20,24.42883784456183,24.32451241295274,23.66688519220406,25.583573902911887,26.196441749620057,1.154736058350057,1.154736058350057,1.259061489959148,0.7
32,0.95,0.0,36,0.0,0.0,0.0,0.0,0.0,0.0,0.0,0.0,0.0
32,0.95,0.1,36,5.963437868274466,6.359759654104549,1.4035704940336506,7.671895293149557,7.713189782727692,1.3121356390450085,1.7084574248750908,1.3121356390450085,0.6111111111111112
32,0.95,0.3,36,9.196477806131082,8.092923951372427,2.9076802772189927,9.99449025599034,10.018950916220952,0.7980124498592591,0.7980124498592591,1.9015663046179139,0.4444444444444444
32,0.95,1.0,36,10.702941860389265,10.328858146909287,5.813047924112535,11.761771534312404,11.761771534312404,1.0588296739231389,1.0588296739231389,1.4329133874031168,0.5277777777777778
32,0.95,3.0,36,12.462508896792325,12.668423284845105,8.550185817635118,13.958892906551743,13.958892906551743,1.290469621706638,1.4963840097594172,1.290469621706638,0.6111111111111112
32,0.95,10.0,36,14.17020716815236,15.516618352315486,12.063209006642605,16.26510563118427,16.362325249002065,0.7484872788687831,2.0948984630319103,0.7484872788687831,0.6388888888888888
32,0.95,30.0,36,16.177222227493758,17.76983264494102,14.693092598342663,18.356955078035348,18.461200139088888,0.5871224330943292,2.1797328505415905,0.5871224330943292,0.75
32,0.95,60.0,36,17.57611949715035,18.807582661957447,15.839780461927289,19.73295636926872,19.780352627334654,0.9253737073112731,2.156836872118369,0.9253737073112731,0.6944444444444444
64,0.9,0.0,20,0.0,0.0,0.0,0.0,0.0,0.0,0.0,0.0,0.0
64,0.9,0.1,20,2.8105984526289918,2.8487548101750555,0.8512800019472537,3.729060756721167,3.7375343374378174,0.8803059465461116,0.9184623040921753,0.8803059465461116,0.6
64,0.9,0.3,20,7.412744074384031,9.629533201066444,2.4105052007071057,9.798255928846498,9.798255928846498,0.16872272778005382,2.3855118544624663,0.16872272778005382,0.8
64,0.9,1.0,20,14.286404591130907,12.657581411775158,5.342077110761141,14.737076328013618,14.737076328013618,0.4506717368827111,0.4506717368827111,2.0794949162384597,0.25
64,0.9,3.0,20,15.579634208336646,13.27371122816661,8.99014931698361,15.876579941079198,15.876579941079198,0.296945732742552,0.296945732742552,2.6028687129125885,0.15
64,0.9,10.0,20,16.887675306667397,14.905188430611577,13.541610227825029,17.244753232772773,17.260370424761856,0.3570779261053758,0.3570779261053758,2.3395648021611954,0.2
64,0.9,30.0,20,17.57091419633072,16.41994525042275,17.429537068087527,18.015740030591562,18.701687374361946,0.4448258342608433,0.4448258342608433,1.5957947801688128,0.4
64,0.9,60.0,20,18.27484019342694,17.48650980839757,19.224130286156786,18.847605093103642,19.8839615667426,0.5727648996767023,0.5727648996767023,1.3610952847060709,0.4
64,0.95,0.0,40,0.0,0.0,0.0,0.0,0.0,0.0,0.0,0.0,0.0
64,0.95,0.1,40,1.758239200540864,1.7604097644003396,0.47833001876793446,2.6659463150687337,2.7139633591672245,0.9055365506683941,0.9077071145278697,0.9055365506683941,0.55
64,0.95,0.3,40,3.471714329878414,6.7269582196724516,1.2192507620993365,7.434286899507368,7.449883137910427,0.7073286798349168,3.9625725696289544,0.7073286798349168,0.725
64,0.95,1.0,40,9.123408184546122,9.161595605502875,2.665856529273876,10.809633591736501,10.809633591736501,1.6480379862336267,1.6862254071903795,1.6480379862336267,0.55
64,0.95,3.0,40,11.339573469778777,10.135919326243073,4.643486146499068,12.341289693460451,12.341289693460451,1.0017162236816741,1.0017162236816741,2.2053703672173786,0.45
64,0.95,10.0,40,12.896625533256138,11.888134010739487,7.724356891838562,13.975087520193785,13.975087520193785,1.078461986937647,1.078461986937647,2.0869535094542986,0.5
64,0.95,30.0,40,14.044222590637865,13.988977791067526,11.319841387895927,15.44297110747361,15.453420830096238,1.3987485168357452,1.3987485168357452,1.453993316406084,0.55
64,0.95,60.0,40,14.863969676609642,15.384658490014903,13.70038866489546,16.493349097996603,16.640518165652768,1.1086906079816998,1.629379421386961,1.1086906079816998,0.65
128,0.9,0.0,20,0.0,0.0,0.0,0.0,0.0,0.0,0.0,0.0,0.0
128,0.9,0.1,20,1.1326546127610708,1.3540885186040532,0.08364091679347846,1.774829861291542,1.774829861291542,0.42074134268748886,0.6421752485304713,0.42074134268748886,0.65
128,0.9,0.3,20,2.2082618370145597,2.8366361802304656,0.6661768855546344,3.234973991969964,3.240013430223857,0.39833781173949845,1.0267121549554044,0.39833781173949845,0.6
128,0.9,1.0,20,5.115607868876701,10.39505462416587,2.2996392535733623,10.39505462416587,10.39505462416587,0.0,5.279446755289168,0.0,1.0
128,0.9,3.0,20,13.300560020953915,13.89817965088012,5.164922256326427,14.502581529500606,14.502581529500606,0.6044018786204859,1.2020215085466912,0.6044018786204859,0.55
128,0.9,10.0,20,16.819300388616824,14.60076719112958,9.564153607050985,16.86735538805678,16.88414252016743,0.04805499943995528,0.04805499943995528,2.2665881969271986,0.15
128,0.9,30.0,20,18.213572036614828,15.487821454793611,13.836612290299083,18.217474172694658,18.43902162937114,0.003902136079830143,0.003902136079830143,2.729652717901047,0.05
128,0.9,60.0,20,18.82843818051076,16.234369444589625,16.64675626075579,18.82843818051076,19.38046866678203,0.0,0.0,2.594068735921134,0.0
128,0.95,0.0,40,0.0,0.0,0.0,0.0,0.0,0.0,0.0,0.0,0.0
128,0.95,0.1,40,1.19168738853462,0.3978290710619374,0.0746715897536971,1.390806361317214,1.3921764901848825,0.19911897278259394,0.19911897278259394,0.9929772902552765,0.4
128,0.95,0.3,40,1.85093340907205,1.2898383995992118,0.39504362359536127,2.2293567512231443,2.254896217599298,0.3784233421510943,0.3784233421510943,0.9395183516239325,0.525
128,0.95,1.0,40,2.7170978656993783,5.229379350293107,1.2076961133012585,5.618445291065104,5.650403816897477,0.38906594077199674,2.9013474253657257,0.38906594077199674,0.8
128,0.95,3.0,40,5.92939647444475,8.774596891257266,2.3480078321887197,9.96018833609929,9.975149848825325,1.1855914448420233,4.0307918616545395,1.1855914448420233,0.75
128,0.95,10.0,40,10.540064608574902,9.56347787405576,4.46246107821659,11.842722705445972,11.876942074757828,1.3026580968710704,1.3026580968710704,2.279244831390212,0.45
128,0.95,30.0,40,13.238269674233202,10.832136146386706,6.905520716344725,13.790803273613339,13.820899130985179,0.552533599380137,0.552533599380137,2.958667127226633,0.35
128,0.95,60.0,40,14.326599165812555,11.974235672019148,8.895460062805718,15.048592958253533,15.079544198480264,0.721993792440978,0.721993792440978,3.0743572862343846,0.325
256,0.9,0.0,20,0.0,0.0,0.0,0.0,0.0,0.0,0.0,0.0,0.0
256,0.9,0.1,20,0.5170038067229792,0.32330104802890824,0.0005717101187966645,0.8403048547518873,0.8403048547518873,0.32330104802890813,0.32330104802890813,0.5170038067229791,0.65
256,0.9,0.3,20,0.7817481611932475,0.7364091038617336,0.08942446468155972,1.3374334823240837,1.3374334823240837,0.5556853211308361,0.5556853211308361,0.60102437846235,0.6
256,0.9,1.0,20,1.222024953729831,2.058305078244012,0.4278379654437747,2.358876582899672,2.358876582899672,0.30057150465566007,1.136851629169841,0.30057150465566007,0.85
256,0.9,3.0,20,2.3983356720639324,6.529516925439785,1.3624410018428423,6.570788011943548,6.570788011943548,0.04127108650376243,4.172452339879616,0.04127108650376243,0.95
256,0.9,10.0,20,9.70355951692105,13.687656478867822,3.6913667609760608,13.756366953894355,13.756366953894355,0.06871047502653305,4.052807436973305,0.06871047502653305,0.95
256,0.9,30.0,20,17.629835488354303,14.34408254695585,7.456475702641869,17.729253279292088,17.729253279292088,0.09941779093778536,0.09941779093778536,3.3851707323362383,0.2
256,0.9,60.0,20,19.392569193283766,14.695555064350643,10.765466800838885,19.392569193283766,19.392569193283766,0.0,0.0,4.697014128933123,0.0
256,0.95,0.0,40,0.0,0.0,0.0,0.0,0.0,0.0,0.0,0.0,0.0
256,0.95,0.1,40,0.6573668950625877,0.15489565925643917,0.005834002417889722,0.7885044526578882,0.7904988109146993,0.13113755759530044,0.13113755759530044,0.6336087934014489,0.45
256,0.95,0.3,40,0.9952817397255674,0.2514184684778671,0.042649606699294254,1.1516221481537512,1.15726332615352,0.15634040842818375,0.15634040842818375,0.9002036796758841,0.475
256,0.95,1.0,40,1.2812034771402296,0.6301472676335835,0.24577147050215276,1.5771827395544005,1.5901493581834856,0.29597926241417083,0.29597926241417083,0.9470354719208169,0.5
256,0.95,3.0,40,1.7530652065731092,2.444255654492836,0.7660434927363875,2.864442396634353,2.8714378552736997,0.42018674214151686,1.1113771900612437,0.42018674214151686,0.7
256,0.95,10.0,40,4.762383705716303,7.660357883858646,1.7535966878881706,7.815956475264701,7.815956475264701,0.15559859140605514,3.0535727695483983,0.15559859140605514,0.825
256,0.95,30.0,40,8.609140366565114,8.185922716393204,3.2312163697145557,10.42014195397396,10.42014195397396,1.811001587408846,1.811001587408846,2.2342192375807564,0.425
256,0.95,60.0,40,10.378714053401005,8.576010001895863,4.45316449732624,11.108720721221617,11.108720721221617,0.7300066678206125,0.7300066678206125,2.5327107193257543,0.325
