n,fill,t_s,M0,M1
32,0.9,0.05,6.417293954896762,6.382212746358084
32,0.9,0.1,10.837982179799635,10.907198568311653
32,0.9,0.2,14.025081989364484,12.138207565646676
32,0.9,0.3,15.298171106694163,12.622861105769545
32,0.9,0.5,16.88742821714092,13.604629006480799
32,0.9,0.7,17.938909707960956,14.229349319053124
32,0.9,1.0,18.59414279560376,15.056043383630033
32,0.9,1.5,19.281498956511907,15.923548106649374
32,0.9,2.0,19.632609839886626,16.635610212352507
32,0.9,2.5,20.302549176419966,17.34168956519043
32,0.9,3.0,20.434298454385328,17.759512823484023
32,0.9,3.5,20.83069821715132,18.118596045582223
32,0.9,4.0,20.951537179695606,18.561323945421876
32,0.9,4.5,21.086218815373392,18.759404395793254
32,0.9,5.0,21.296775687933444,18.988413530474816
32,0.9,5.5,21.350762827913613,19.147001535121124
32,0.9,6.0,21.460153423331164,19.30423399156108
32,0.9,6.5,21.532150698312957,19.42959040413963
32,0.9,7.0,21.655942884135488,19.61168123540255
32,0.9,7.5,21.77058505849991,19.738434877677875
32,0.9,8.0,21.77058505849991,19.874457110652642
32,0.9,8.5,21.89882314474889,20.019587788834855
32,0.9,9.0,21.927690300274993,20.188961069926524
32,0.9,9.5,21.927690300274993,20.329590547105685
32,0.9,10.0,22.00554720210723,20.409107344029
32,0.9,12.0,22.30149458676715,20.926912347235117
32,0.9,14.0,22.371297091528284,21.25714401412195
32,0.9,16.0,22.530377267590815,21.515897430681534
32,0.9,18.0,22.63848802833207,21.724199708664727
32,0.9,20.0,22.87518839611674,21.940365942546062
32,0.9,22.0,22.968051816714627,22.215085940120353
32,0.9,24.0,23.233798287894544,22.443090099902367
32,0.9,26.0,23.387346504847656,22.501508322552752
32,0.9,28.0,23.47862588090427,22.708436520594482
32,0.9,30.0,23.759790640185113,22.82889007295747
32,0.9,32.0,23.892170601554913,22.979397883752565
32,0.9,34.0,23.97305463470054,23.098716391583288
32,0.9,36.0,24.010766516584866,23.207031825627865
32,0.9,38.0,24.059646485561586,23.34205632910092
32,0.9,40.0,24.169853202266825,23.546587775371222
32,0.9,42.0,24.200040839761222,23.652408814951002
32,0.9,44.0,24.245621119748048,23.724558025285333
32,0.9,46.0,24.245621119748048,23.77090157070364
32,0.9,48.0,24.32081103196827,23.844913776934792
32,0.9,50.0,24.337128355163436,23.94705520957039
32,0.9,52.0,24.34132437030094,24.010694144897712
32,0.9,54.0,24.346453380778378,24.039356371640316
32,0.9,56.0,24.36372372476142,24.128850742715485
32,0.9,58.0,24.367844020038667,24.237414329759385
32,0.9,60.0,24.428837844561833,24.324512412952743
32,0.95,0.05,3.464034147350768,3.8563741831211082
32,0.95,0.1,5.963437868274466,6.35975965410455
32,0.95,0.2,8.004927701058389,7.484781459924246
32,0.95,0.3,9.196477806131082,8.092923951372427
32,0.95,0.5,9.946895097757038,8.817851222946917
32,0.95,0.7,10.273105505854543,9.580321221050708
32,0.95,1.0,10.702941860389265,10.32885814690929
32,0.95,1.5,11.281893870780028,11.145281148948625
32,0.95,2.0,11.769140251857682,11.707425368619962
32,0.95,2.5,12.105031760513512,12.262754624296193
32,0.95,3.0,12.462508896792325,12.668423284845105
32,0.95,3.5,12.747197258340295,13.092600484779059
32,0.95,4.0,12.939440913180132,13.398382545927197
32,0.95,4.5,13.057630336563204,13.751461017692792
32,0.95,5.0,13.132436526689414,13.967118947052045
32,0.95,5.5,13.28721859773854,14.23286007413206
32,0.95,6.0,13.386981723485768,14.465913592741984
32,0.95,6.5,13.522925524411892,14.65502937814109
32,0.95,7.0,13.586089658490277,14.792700647728719
32,0.95,7.5,13.733742359259344,14.915862944958333
32,0.95,8.0,13.861339199940064,15.026035776417345
32,0.95,8.5,14.008570644247076,15.10643787900555
32,0.95,9.0,14.050238055115221,15.287070089882366
32,0.95,9.5,14.095549577197747,15.428019903226186
32,0.95,10.0,14.170207168152357,15.516618352315486
32,0.95,12.0,14.511903101542229,15.952469397029247
32,0.95,14.0,14.87892032834573,16.291384455553768
32,0.95,16.0,15.112389420826965,16.550967511897397
32,0.95,18.0,15.299160144260238,16.8129243130308
32,0.95,20.0,15.492005171061713,16.974033505478427
32,0.95,22.0,15.66632442731822,17.199017894763074
32,0.95,24.0,15.772344853054747,17.357914328800966
32,0.95,26.0,15.937814571502962,17.507508626380382
32,0.95,28.0,16.09576818576749,17.613320692748044
32,0.95,30.0,16.177222227493758,17.76983264494102
32,0.95,32.0,16.377786962113447,17.88960383313568
32,0.95,34.0,16.521276618712207,17.96194631092397
32,0.95,36.0,16.58759687887934,18.063544994892876
32,0.95,38.0,16.76364223905584,18.161380953879238
32,0.95,40.0,16.82221224350081,18.220956865173523
32,0.95,42.0,16.895340515331576,18.30524690083557
32,0.95,44.0,16.969258122647,18.35452722590749
32,0.95,46.0,17.073024396911052,18.4189830397845
32,0.95,48.0,17.241611048945522,18.49386235200339
32,0.95,50.0,17.306003976642614,18.558481847766032
32,0.95,52.0,17.36109596031973,18.59802114492108
32,0.95,54.0,17.446202970669187,18.63002636355374
32,0.95,56.0,17.49800634672752,18.6963226910885
32,0.95,58.0,17.525150628442717,18.75935115973772
32,0.95,60.0,17.57611949715035,18.807582661957447
64,0.9,0.05,1.7057967474910396,1.6334448883584023
64,0.9,0.1,2.8105984526289918,2.848754810175055
64,0.9,0.2,5.1406601897200055,6.794328330790577
64,0.9,0.3,7.412744074384031,9.629533201066444
64,0.9,0.5,11.46418015910474,11.850363427478962
64,0.9,0.7,13.256849645960092,12.356788203808675
64,0.9,1.0,14.286404591130907,12.657581411775158
64,0.9,1.5,14.954086360454376,12.883938299580702
64,0.9,2.0,15.22572395361481,12.99995276020533
64,0.9,2.5,15.28674196929894,13.090425498035486
64,0.9,3.0,15.579634208336643,13.273711228166611
64,0.9,3.5,15.827340995979448,13.411453714203793
64,0.9,4.0,15.886430596047228,13.467936010999779
64,0.9,4.5,15.970605231723237,13.60773436920643
64,0.9,5.0,16.076928905706033,13.73535455156437
64,0.9,5.5,16.174628567891943,13.906595730751466
64,0.9,6.0,16.352067543014524,14.144271527768954
64,0.9,6.5,16.492125063407848,14.268016154521767
64,0.9,7.0,16.535672559577574,14.343131074514105
64,0.9,7.5,16.546207868034855,14.397289560030284
64,0.9,8.0,16.604366178707934,14.502093837396673
64,0.9,8.5,16.64054129148205,14.577722483132755
64,0.9,9.0,16.782339848885748,14.64515566803236
64,0.9,9.5,16.838157482654836,14.785371473071827
64,0.9,10.0,16.887675306667393,14.905188430611577
64,0.9,12.0,17.043377368993198,15.117122728911852
64,0.9,14.0,17.126472367140195,15.372833984183778
64,0.9,16.0,17.173297385745435,15.603733686638734
64,0.9,18.0,17.204486469766863,15.758368820858664
64,0.9,20.0,17.259654843257266,15.940460190985073
64,0.9,22.0,17.36704322212647,16.061973182144847
64,0.9,24.0,17.463015376925206,16.175375167551937
64,0.9,26.0,17.497928419773825,16.255967304460608
64,0.9,28.0,17.53196047772761,16.36715348998903
64,0.9,30.0,17.57091419633072,16.419945250422746
64,0.9,32.0,17.601018386226844,16.560746188308887
64,0.9,34.0,17.700598396359112,16.66472901767326
64,0.9,36.0,17.79925690435804,16.70304952140267
64,0.9,38.0,17.83144521530801,16.820766106895995
64,0.9,40.0,17.98137858607692,16.87701947590911
64,0.9,42.0,18.055799863389883,16.980739198267713
64,0.9,44.0,18.10904566973899,17.110613157919083
64,0.9,46.0,18.139237311155537,17.154095278641144
64,0.9,48.0,18.156112665925825,17.23198030253866
64,0.9,50.0,18.156112665925825,17.260464191737114
64,0.9,52.0,18.195369874724264,17.314037940879853
64,0.9,54.0,18.207235405170955,17.371002648795816
64,0.9,56.0,18.207235405170955,17.401205993572493
64,0.9,58.0,18.273050691188445,17.430107590012874
64,0.9,60.0,18.27484019342694,17.48650980839757
64,0.95,0.05,1.3729053059627634,0.7979498417303664
64,0.95,0.1,1.758239200540864,1.7604097644003394
64,0.95,0.2,2.3757894514237883,4.336999670857036
64,0.95,0.3,3.4717143298784143,6.726958219672451
64,0.95,0.5,5.7266124704261205,8.59148776434811
64,0.95,0.7,7.289733179933151,8.989527103454527
64,0.95,1.0,9.123408184546122,9.161595605502875
64,0.95,1.5,9.942883695642127,9.436262588628477
64,0.95,2.0,10.624289450648721,9.741962931382993
64,0.95,2.5,10.961881822103917,9.952205507545283
64,0.95,3.0,11.339573469778777,10.135919326243073
64,0.95,3.5,11.666353625890011,10.319758612796184
64,0.95,4.0,11.726912749012708,10.476637370595622
64,0.95,4.5,11.888100877914132,10.598820465753949
64,0.95,5.0,12.129830617641584,10.765595268906122
64,0.95,5.5,12.284717622373984,10.896866882399411
64,0.95,6.0,12.36303707530677,11.036103196153263
64,0.95,6.5,12.522446124953651,11.167539196512193
64,0.95,7.0,12.635647208217925,11.25740692938802
64,0.95,7.5,12.694297845631926,11.334133764451192
64,0.95,8.0,12.749101059317777,11.415296229511235
64,0.95,8.5,12.768335278749532,11.520186755344314
64,0.95,9.0,12.808991037300093,11.666548717686734
64,0.95,9.5,12.876958370292478,11.798485917477553
64,0.95,10.0,12.896625533256138,11.888134010739487
64,0.95,12.0,13.10957512208833,12.284525106839205
64,0.95,14.0,13.380630258681201,12.485103645747971
64,0.95,16.0,13.525820935884076,12.74721646409855
64,0.95,18.0,13.617822459614631,13.050249523797238
64,0.95,20.0,13.724247176279935,13.26924276094549
64,0.95,22.0,13.755255417091792,13.437280957177071
64,0.95,24.0,13.832405586339696,13.610271097572905
64,0.95,26.0,13.887560963310115,13.737688459899907
64,0.95,28.0,13.994991684318961,13.832919821640624
64,0.95,30.0,14.044222590637865,13.988977791067525
64,0.95,32.0,14.222727297702876,14.130572635437863
64,0.95,34.0,14.256291519313152,14.284061025980979
64,0.95,36.0,14.311443491820697,14.411361251902058
64,0.95,38.0,14.346945625043645,14.51085776272165
64,0.95,40.0,14.379945128266641,14.620046923903374
64,0.95,42.0,14.413634287631048,14.717318209108768
64,0.95,44.0,14.542720580981022,14.84011267678381
64,0.95,46.0,14.616847737317299,14.938677687124864
64,0.95,48.0,14.667139953018575,15.010494368613458
64,0.95,50.0,14.750097716974388,15.057620333280463
64,0.95,52.0,14.79497097088608,15.123797658734436
64,0.95,54.0,14.801683521333251,15.195374671550818
64,0.95,56.0,14.826226730958679,15.272158575170184
64,0.95,58.0,14.836556356327103,15.338407301383786
64,0.95,60.0,14.86396967660964,15.384658490014903
128,0.9,0.05,0.9024025782026418,0.8927007368198172
128,0.9,0.1,1.1326546127610708,1.3540885186040534
128,0.9,0.2,1.6018085158261903,2.024275801539652
128,0.9,0.3,2.2082618370145597,2.8366361802304656
128,0.9,0.5,2.8504850828270385,4.965776615414811
128,0.9,0.7,3.769434135176036,7.427935619957651
128,0.9,1.0,5.115607868876701,10.39505462416587
128,0.9,1.5,8.2899257591082,12.701393951577575
128,0.9,2.0,10.829879462534219,13.630774966502377
128,0.9,2.5,12.347081665275681,13.860461720390635
128,0.9,3.0,13.300560020953915,13.89817965088012
128,0.9,3.5,13.944026026442998,13.906244146812565
128,0.9,4.0,14.587796841448558,13.930412697519984
128,0.9,4.5,14.91124312030777,13.996278551030077
128,0.9,5.0,15.05241523138915,14.05090670973616
128,0.9,5.5,15.368847409846566,14.072176901884191
128,0.9,6.0,15.84074106135781,14.154679553991482
128,0.9,6.5,16.151147591516303,14.17223210827334
128,0.9,7.0,16.30507991340362,14.204962247299608
128,0.9,7.5,16.363032173159084,14.259632450050017
128,0.9,8.0,16.405774043828863,14.37166155483224
128,0.9,8.5,16.539963266588654,14.450553131959314
128,0.9,9.0,16.667498391867365,14.522270105806717
128,0.9,9.5,16.761809741337515,14.58998227207298
128,0.9,10.0,16.81930038861682,14.60076719112958
128,0.9,12.0,17.000321641079537,14.697124849677625
128,0.9,14.0,17.232017414622263,14.87381377179112
128,0.9,16.0,17.39630500240009,14.978826220449406
128,0.9,18.0,17.542084222975767,15.048321856543375
128,0.9,20.0,17.642747995214947,15.141111579893138
128,0.9,22.0,17.850338029081463,15.266241219865709
128,0.9,24.0,17.963543948826803,15.3374978187779
128,0.9,26.0,18.00922999071147,15.40888341094757
128,0.9,28.0,18.020032483151407,15.45186449124719
128,0.9,30.0,18.213572036614824,15.487821454793611
128,0.9,32.0,18.23113878797781,15.560976508827485
128,0.9,34.0,18.274178055442885,15.67875265438839
128,0.9,36.0,18.29651226697208,15.786686263899774
128,0.9,38.0,18.377478678820506,15.855135652159332
128,0.9,40.0,18.39318101067945,15.874916920337037
128,0.9,42.0,18.41604604234338,15.924311268557883
128,0.9,44.0,18.509796273496868,15.969341158007119
128,0.9,46.0,18.545702252447047,16.004892071329778
128,0.9,48.0,18.60525565473541,16.026597537526946
128,0.9,50.0,18.63799616957636,16.035046829317437
128,0.9,52.0,18.695359887701883,16.07393568868877
128,0.9,54.0,18.75484156766933,16.12126894348919
128,0.9,56.0,18.772761159561075,16.140035956099744
128,0.9,58.0,18.82843818051076,16.16657655777344
128,0.9,60.0,18.82843818051076,16.234369444589625
128,0.95,0.05,0.8712158201413138,0.23485056442575952
128,0.95,0.1,1.1916873885346198,0.3978290710619374
128,0.95,0.2,1.6972370097302243,0.8520209461224617
128,0.95,0.3,1.85093340907205,1.2898383995992115
128,0.95,0.5,2.1028772158703086,2.0410354327451983
128,0.95,0.7,2.3944710937856977,3.108528909762713
128,0.95,1.0,2.7170978656993787,5.229379350293106
128,0.95,1.5,3.4461307521014293,7.6309101784541316
128,0.95,2.0,4.374888019261887,8.514166513316276
128,0.95,2.5,5.309080799170557,8.69583658646578
128,0.95,3.0,5.929396474444749,8.774596891257266
128,0.95,3.5,6.372590070494304,8.838733364212562
128,0.95,4.0,6.786613828416628,8.892625257840207
128,0.95,4.5,7.336835195951176,8.949239995788936
128,0.95,5.0,7.670721747759078,9.017079076527018
128,0.95,5.5,7.880079917825823,9.101623776653877
128,0.95,6.0,8.089704840086766,9.155057286802766
128,0.95,6.5,8.496490540460666,9.186857514040696
128,0.95,7.0,8.83989767612376,9.216983247285064
128,0.95,7.5,9.156250500224832,9.283289544816851
128,0.95,8.0,9.455183124632123,9.340409399266953
128,0.95,8.5,9.700661375040674,9.418245666248078
128,0.95,9.0,10.073648580413781,9.47195080986754
128,0.95,9.5,10.30259363825948,9.523546064023442
128,0.95,10.0,10.540064608574902,9.56347787405576
128,0.95,12.0,11.11079862538764,9.65782593491441
128,0.95,14.0,11.59222647314931,9.816489959206166
128,0.95,16.0,12.036508189805488,9.99475561956119
128,0.95,18.0,12.346703770933193,10.120540100637793
128,0.95,20.0,12.532796809046513,10.267175068180116
128,0.95,22.0,12.722791520702378,10.39948793923887
128,0.95,24.0,12.91969145606148,10.516347484261704
128,0.95,26.0,13.125520356957225,10.62323123843862
128,0.95,28.0,13.18308454763121,10.732322763104314
128,0.95,30.0,13.238269674233203,10.832136146386706
128,0.95,32.0,13.405217930900566,10.943260245878905
128,0.95,34.0,13.492394085482573,11.063132540076126
128,0.95,36.0,13.565718947639061,11.13745689822964
128,0.95,38.0,13.644493092445934,11.235781096474689
128,0.95,40.0,13.77814680113541,11.34960937652209
128,0.95,42.0,13.86138565299521,11.426083835580325
128,0.95,44.0,13.947283911013383,11.479080477241478
128,0.95,46.0,13.965269721140812,11.568747050121907
128,0.95,48.0,14.008024474116487,11.633222215528566
128,0.95,50.0,14.078198491727932,11.711342733171328
128,0.95,52.0,14.093559684277793,11.771558157091828
128,0.95,54.0,14.153823964249913,11.828881928951322
128,0.95,56.0,14.198338297226424,11.892840407668128
128,0.95,58.0,14.271832462632409,11.925536934216254
128,0.95,60.0,14.326599165812553,11.974235672019148
256,0.9,0.05,0.2082208578355701,0.1827567564080067
256,0.9,0.1,0.5170038067229792,0.3233010480289083
256,0.9,0.2,0.6056237799789311,0.5223793246105274
256,0.9,0.3,0.7817481611932475,0.7364091038617336
256,0.9,0.5,0.8646600361847911,1.0537195648950926
256,0.9,0.7,1.0264302981320648,1.4247968547723158
256,0.9,1.0,1.222024953729831,2.0583050782440115
256,0.9,1.5,1.4489316872514824,3.160232630684134
256,0.9,2.0,1.8142350368692362,4.164686062534642
256,0.9,2.5,2.098578844525961,5.420454628582698
256,0.9,3.0,2.3983356720639324,6.529516925439785
256,0.9,3.5,2.7187760267996297,7.6666833395190395
256,0.9,4.0,3.1907498353188517,8.737888090577432
256,0.9,4.5,3.650946438831472,9.797121861794338
256,0.9,5.0,4.028637796089342,10.687780041766057
256,0.9,5.5,4.671517286961123,11.400004847388523
256,0.9,6.0,5.097986594431349,11.950084525331434
256,0.9,6.5,5.65798738464677,12.367219911769475
256,0.9,7.0,6.17537440330642,12.681154503500775
256,0.9,7.5,6.8298077431688125,12.99063385160235
256,0.9,8.0,7.443130476070396,13.232052991438028
256,0.9,8.5,8.000073707598961,13.368171398546547
256,0.9,9.0,8.583468258792449,13.48105834936609
256,0.9,9.5,9.172593915523233,13.598518953034418
256,0.9,10.0,9.70355951692105,13.687656478867822
256,0.9,12.0,11.521191538939355,13.96750955367559
256,0.9,14.0,12.572810563216468,14.054856020255416
256,0.9,16.0,13.530960067956459,14.125813447781018
256,0.9,18.0,14.486950189308104,14.14834559907592
256,0.9,20.0,15.511507792495243,14.167289912090371
256,0.9,22.0,16.39817039114648,14.18041695639155
256,0.9,24.0,16.989088206588406,14.211917439071176
256,0.9,26.0,17.246242362390465,14.272450631477929
256,0.9,28.0,17.47563144139909,14.298591300054502
256,0.9,30.0,17.629835488354303,14.34408254695585
256,0.9,32.0,17.762373461475335,14.383589981996575
256,0.9,34.0,18.02921327946651,14.449430874684705
256,0.9,36.0,18.237913688554038,14.481555412345557
256,0.9,38.0,18.36957195957475,14.492518038878227
256,0.9,40.0,18.529720705056786,14.513805951255108
256,0.9,42.0,18.695617580058165,14.527039931503015
256,0.9,44.0,18.805962598223324,14.535520621208738
256,0.9,46.0,18.86975802563184,14.550792186391355
256,0.9,48.0,18.959033757619384,14.556741406330183
256,0.9,50.0,19.128670930374238,14.570962571183852
256,0.9,52.0,19.2034220829133,14.594343230870692
256,0.9,54.0,19.314700976343417,14.646127639192041
256,0.9,56.0,19.351184197909095,14.65689761312576
256,0.9,58.0,19.372064431234648,14.672123443313069
256,0.9,60.0,19.392569193283766,14.695555064350643
256,0.95,0.05,0.09405940567916068,0.11742639362323522
256,0.95,0.1,0.6573668950625877,0.15489565925643917
256,0.95,0.2,0.9351433167590244,0.20237611544697465
256,0.95,0.3,0.9952817397255674,0.2514184684778671
256,0.95,0.5,1.1658879689311186,0.33944166316166047
256,0.95,0.7,1.2295276982529935,0.46346430677235195
256,0.95,1.0,1.2812034771402296,0.6301472676335835
256,0.95,1.5,1.4228697331307512,0.9834552549768816
256,0.95,2.0,1.5550667808242837,1.4286763371747617
256,0.95,2.5,1.7096277392449841,1.8796882862672115
256,0.95,3.0,1.7530652065731096,2.444255654492836
256,0.95,3.5,1.9537842328646144,3.0743672972208644
256,0.95,4.0,2.0718660526541033,3.669377941710718
256,0.95,4.5,2.2413162483410205,4.29081082855811
256,0.95,5.0,2.473924488760421,4.898283062577875
256,0.95,5.5,2.734099996846062,5.423905817175676
256,0.95,6.0,2.9492322714525665,5.898032929220612
256,0.95,6.5,3.1465195135553787,6.2948666262381945
256,0.95,7.0,3.3500404487184374,6.623618249155541
256,0.95,7.5,3.5332555177998315,6.906367886902515
256,0.95,8.0,3.831942568607956,7.110218491876793
256,0.95,8.5,4.063638620384423,7.285906013192985
256,0.95,9.0,4.301572662518723,7.452577203278898
256,0.95,9.5,4.551459101643852,7.564425499680851
256,0.95,10.0,4.762383705716303,7.660357883858645
256,0.95,12.0,5.664168190239701,7.846230905913271
256,0.95,14.0,6.477609692709841,7.9322944095443795
256,0.95,16.0,7.10977460623409,7.9544984508175265
256,0.95,18.0,7.62104080088955,7.98603472132881
256,0.95,20.0,7.859509410967091,8.008654385346329
256,0.95,22.0,8.062552563389406,8.034134166083762
256,0.95,24.0,8.189449929563242,8.075740048873666
256,0.95,26.0,8.338423940548815,8.117188519028762
256,0.95,28.0,8.470834466866224,8.145556400244637
256,0.95,30.0,8.609140366565114,8.185922716393204
256,0.95,32.0,8.71161703268658,8.2025509712131
256,0.95,34.0,8.839021825603005,8.22540230871263
256,0.95,36.0,8.98022380028762,8.247539232718802
256,0.95,38.0,9.090573957461029,8.280351496612337
256,0.95,40.0,9.303206294761077,8.316212468391772
256,0.95,42.0,9.429116066733581,8.330940363910605
256,0.95,44.0,9.48517867915286,8.365376994262702
256,0.95,46.0,9.574968194281379,8.411822567343151
256,0.95,48.0,9.671661521225332,8.440172811655916
256,0.95,50.0,9.839443738329313,8.474024325801736
256,0.95,52.0,9.995675022587541,8.496269725682822
256,0.95,54.0,10.136487170869078,8.512377174848439
256,0.95,56.0,10.222086463054767,8.526511311423821
256,0.95,58.0,10.310824638735994,8.556314121398517
256,0.95,60.0,10.378714053401005,8.576010001895863
