n,fill,method,budget_s,instances,gap_to_best_known_pp,gap_to_oracle_all_methods_pp,oracle_M0_M1_pct,gap_to_oracle_pp,matches_or_beats_oracle_frac
32,0.9,M0,0.0,6,23.96886699663397,0.0,0.0,0.0,1.0
32,0.9,M1,0.0,6,23.96886699663397,0.0,0.0,0.0,1.0
32,0.9,CAP:8,0.0,6,23.96886699663397,0.0,0.0,0.0,1.0
32,0.9,CAP:16,0.0,6,23.96886699663397,0.0,0.0,0.0,1.0
32,0.9,SW:fixed3,0.0,6,23.96886699663397,0.0,0.0,0.0,1.0
32,0.9,SW:fixed10,0.0,6,23.96886699663397,0.0,0.0,0.0,1.0
32,0.9,SW:stag3,0.0,6,23.96886699663397,0.0,0.0,0.0,1.0
32,0.9,CAPSCHED:3,0.0,6,23.96886699663397,0.0,0.0,0.0,1.0
32,0.9,INTERLEAVE,0.0,6,23.96886699663397,0.0,0.0,0.0,1.0
32,0.9,BANDIT:8,0.0,6,23.96886699663397,0.0,0.0,0.0,1.0
32,0.9,M0,0.1,6,11.511845564612821,1.175687111913732,12.840575002436598,0.3835535704154481,0.8333333333333333
32,0.9,M1,0.1,6,14.239371529675376,3.903213076976285,12.840575002436598,3.1110795354780008,0.16666666666666666
32,0.9,CAP:8,0.1,6,13.118135345771059,2.7819768930719695,12.840575002436598,1.9898433515736853,0.3333333333333333
32,0.9,CAP:16,0.1,6,13.860961772754571,3.5248033200554816,12.840575002436598,2.732669778557198,0.3333333333333333
32,0.9,SW:fixed3,0.1,6,13.763007120085962,3.426848667386871,12.840575002436598,2.6347151258885875,0.16666666666666666
32,0.9,SW:fixed10,0.1,6,13.488947122486506,3.152788669787416,12.840575002436598,2.3606551282891317,0.16666666666666666
32,0.9,SW:stag3,0.1,6,14.254962006680095,3.918803553981005,12.840575002436598,3.1266700124827214,0.16666666666666666
32,0.9,CAPSCHED:3,0.1,6,13.868150805700608,3.5319923530015194,12.840575002436598,2.739858811503235,0.16666666666666666
32,0.9,INTERLEAVE,0.1,6,14.273644783775719,3.9374863310766295,12.840575002436598,3.1453527895783457,0.16666666666666666
32,0.9,BANDIT:8,0.1,6,14.432391542315752,4.096233089616662,12.840575002436598,3.304099548118378,0.16666666666666666
32,0.9,M0,0.3,6,10.98185525121025,3.3926236205538856,13.16420196287548,0.17719021745175892,0.8333333333333333
32,0.9,M1,0.3,6,13.22906086917039,5.639829238514024,13.16420196287548,2.4243958354118975,0.16666666666666666
32,0.9,CAP:8,0.3,6,11.95691910331373,4.367687472657367,13.16420196287548,1.15225406955524,0.3333333333333333
32,0.9,CAP:16,0.3,6,12.865248708140175,5.276017077483809,13.16420196287548,2.0605836743816828,0.16666666666666666
32,0.9,SW:fixed3,0.3,6,12.121259944152802,4.532028313496438,13.16420196287548,1.3165949103943109,0.3333333333333333
32,0.9,SW:fixed10,0.3,6,12.113357152332469,4.524125521676103,13.16420196287548,1.3086921185739768,0.16666666666666666
32,0.9,SW:stag3,0.3,6,13.253431989689751,5.664200359033387,13.16420196287548,2.4487669559312595,0.0
32,0.9,CAPSCHED:3,0.3,6,10.52401503624431,2.9347834055879454,13.16420196287548,-0.2806499975141815,0.5
32,0.9,INTERLEAVE,0.3,6,11.769571534852531,4.180339904196165,13.16420196287548,0.9649065010940382,0.3333333333333333
32,0.9,BANDIT:8,0.3,6,12.53478754267097,4.945555912014603,13.16420196287548,1.730122508912477,0.16666666666666666
32,0.9,M0,1.0,6,9.520501356401454,4.808730005602859,14.754868035794853,0.30650239556233466,0.6666666666666666
32,0.9,M1,1.0,6,10.75923136584436,6.047460015045767,14.754868035794853,1.5452324050052433,0.3333333333333333
32,0.9,CAP:8,1.0,6,8.89474661525431,4.182975264455718,14.754868035794853,-0.319252345584807,0.3333333333333333
32,0.9,CAP:16,1.0,6,8.95209544345048,4.240324092651888,14.754868035794853,-0.2619035173886366,0.5
32,0.9,SW:fixed3,1.0,6,9.968778772299597,5.2570074215010045,14.754868035794853,0.7547798114604808,0.5
32,0.9,SW:fixed10,1.0,6,11.196672379278578,6.4849010284799835,14.754868035794853,1.9826734184394597,0.3333333333333333
32,0.9,SW:stag3,1.0,6,9.310870857417138,4.599099506618544,14.754868035794853,0.09687189657801967,0.3333333333333333
32,0.9,CAPSCHED:3,1.0,6,8.140093622149376,3.428322271350783,14.754868035794853,-1.073905338689741,0.5
32,0.9,INTERLEAVE,1.0,6,7.085818106286048,2.3740467554874556,14.754868035794853,-2.1281808545530683,0.6666666666666666
32,0.9,BANDIT:8,1.0,6,8.073693688798091,3.361922337999499,14.754868035794853,-1.140305272041025,0.5
32,0.9,M0,3.0,6,6.8025046952216055,3.0048960139150918,17.841891486489093,0.67552918507673,0.6666666666666666
32,0.9,M1,3.0,6,8.56971772505323,4.772109043746716,17.841891486489093,2.442742214908355,0.3333333333333333
32,0.9,CAP:8,3.0,6,7.373262219131528,3.5756535378250134,17.841891486489093,1.2462867089866516,0.16666666666666666
32,0.9,CAP:16,3.0,6,7.275413997842603,3.477805316536089,17.841891486489093,1.1484384876977272,0.5
32,0.9,SW:fixed3,3.0,6,7.205757832884065,3.408149151577551,17.841891486489093,1.078782322739189,0.3333333333333333
32,0.9,SW:fixed10,3.0,6,8.207767187901284,4.410158506594771,17.841891486489093,2.080791677756409,0.16666666666666666
32,0.9,SW:stag3,3.0,6,7.124144860788724,3.3265361794822095,17.841891486489093,0.9971693506438483,0.3333333333333333
32,0.9,CAPSCHED:3,3.0,6,7.1193442716625635,3.3217355903560493,17.841891486489093,0.9923687615176876,0.5
32,0.9,INTERLEAVE,3.0,6,5.220475319223597,1.422866637917083,17.841891486489093,-0.9065001909212784,0.6666666666666666
32,0.9,BANDIT:8,3.0,6,6.555193189013671,2.7575845077071564,17.841891486489093,0.42821767886879475,0.5
32,0.9,M0,10.0,6,5.87948956835223,3.9161930023198,19.02099665387583,0.9316192255940902,0.5
32,0.9,M1,10.0,6,5.71847518065863,3.7551786146262,19.02099665387583,0.7706048379004903,0.5
32,0.9,CAP:8,10.0,6,5.2115278391906035,3.248231273158175,19.02099665387583,0.26365749643246456,0.6666666666666666
32,0.9,CAP:16,10.0,6,5.576365964358125,3.6130693983256954,19.02099665387583,0.6284956215999854,0.3333333333333333
32,0.9,SW:fixed3,10.0,6,5.409964655178305,3.446668089145875,19.02099665387583,0.46209431242016485,0.3333333333333333
32,0.9,SW:fixed10,10.0,6,6.5349322508648395,4.57163568483241,19.02099665387583,1.5870619081067001,0.16666666666666666
32,0.9,SW:stag3,10.0,6,5.529628305452917,3.5663317394204865,19.02099665387583,0.5817579626947768,0.3333333333333333
32,0.9,CAPSCHED:3,10.0,6,5.627319859234008,3.6640232932015797,19.02099665387583,0.6794495164758695,0.16666666666666666
32,0.9,INTERLEAVE,10.0,6,2.9647132624146835,1.001416696382254,19.02099665387583,-1.983157080343456,0.6666666666666666
32,0.9,BANDIT:8,10.0,6,4.640657124075075,2.6773605580426447,19.02099665387583,-0.3072132186830654,0.5
32,0.9,M0,30.0,6,5.186995225781644,4.659915410645178,21.34492983732747,2.5630580664751457,0.0
32,0.9,M1,30.0,6,2.6239371593064984,2.096857344170032,21.34492983732747,0.0,1.0
32,0.9,CAP:8,30.0,6,3.4436302107925774,2.9165503956561114,21.34492983732747,0.8196930514860788,0.16666666666666666
32,0.9,CAP:16,30.0,6,3.3224887514152175,2.7954089362787515,21.34492983732747,0.6985515921087193,0.5
32,0.9,SW:fixed3,30.0,6,4.613496258597218,4.0864164434607515,21.34492983732747,1.9895590992907195,0.0
32,0.9,SW:fixed10,30.0,6,5.197196547498606,4.670116732362141,21.34492983732747,2.573259388192108,0.0
32,0.9,SW:stag3,30.0,6,4.452438394161314,3.925358579024848,21.34492983732747,1.8285012348548157,0.3333333333333333
32,0.9,CAPSCHED:3,30.0,6,4.574993068762534,4.047913253626069,21.34492983732747,1.9510559094560365,0.16666666666666666
32,0.9,INTERLEAVE,30.0,6,1.4956234808366498,0.9685436657001836,21.34492983732747,-1.1283136784698486,0.5
32,0.9,BANDIT:8,30.0,6,2.1819039399967206,1.6548241248602544,21.34492983732747,-0.4420332193097778,0.8333333333333333
32,0.9,M0,60.0,6,4.527111607589726,4.527111607589726,21.81463232670443,2.372876937660188,0.0
32,0.9,M1,60.0,6,2.1542346699295383,2.1542346699295383,21.81463232670443,0.0,1.0
32,0.9,CAP:8,60.0,6,3.0377187776647983,3.0377187776647983,21.81463232670443,0.88348410773526,0.3333333333333333
32,0.9,CAP:16,60.0,6,2.5632949887152288,2.5632949887152288,21.81463232670443,0.4090603187856905,0.5
32,0.9,SW:fixed3,60.0,6,3.903176583819196,3.903176583819196,21.81463232670443,1.7489419138896576,0.16666666666666666
32,0.9,SW:fixed10,60.0,6,4.286304851004616,4.286304851004616,21.81463232670443,2.132070181075078,0.0
32,0.9,SW:stag3,60.0,6,3.513642177970432,3.513642177970432,21.81463232670443,1.3594075080408938,0.3333333333333333
32,0.9,CAPSCHED:3,60.0,6,4.179712951398304,4.179712951398304,21.81463232670443,2.0254782814687657,0.16666666666666666
32,0.9,INTERLEAVE,60.0,6,0.5662583590949157,0.5662583590949157,21.81463232670443,-1.5879763108346228,0.8333333333333333
32,0.9,BANDIT:8,60.0,6,1.8507494974262844,1.8507494974262844,21.81463232670443,-0.303485172503254,0.6666666666666666
32,0.95,M0,0.0,3,30.57253814123744,0.0,0.0,0.0,1.0
32,0.95,M1,0.0,3,30.57253814123744,0.0,0.0,0.0,1.0
32,0.95,CAP:8,0.0,3,30.57253814123744,0.0,0.0,0.0,1.0
32,0.95,CAP:16,0.0,3,30.57253814123744,0.0,0.0,0.0,1.0
32,0.95,SW:fixed3,0.0,3,30.57253814123744,0.0,0.0,0.0,1.0
32,0.95,SW:fixed10,0.0,3,30.57253814123744,0.0,0.0,0.0,1.0
32,0.95,SW:stag3,0.0,3,30.57253814123744,0.0,0.0,0.0,1.0
32,0.95,CAPSCHED:3,0.0,3,30.57253814123744,0.0,0.0,0.0,1.0
32,0.95,INTERLEAVE,0.0,3,30.57253814123744,0.0,0.0,0.0,1.0
32,0.95,BANDIT:8,0.0,3,30.57253814123744,0.0,0.0,0.0,1.0
32,0.95,M0,0.1,3,22.462474025148055,5.96706923452895,12.358096113459382,4.248031997369998,0.0
32,0.95,M1,0.1,3,18.21444202777806,1.7190372371589528,12.358096113459382,0.0,1.0
32,0.95,CAP:8,0.1,3,19.509470019360883,3.0140652287417757,12.358096113459382,1.295027991582823,0.3333333333333333
32,0.95,CAP:16,0.1,3,19.509470019360883,3.0140652287417757,12.358096113459382,1.295027991582823,0.3333333333333333
32,0.95,SW:fixed3,0.1,3,18.59538279895937,2.099978008340265,12.358096113459382,0.38094077118131214,0.3333333333333333
32,0.95,SW:fixed10,0.1,3,17.12105965592895,0.6256548653098406,12.358096113459382,-1.0933823718491122,0.6666666666666666
32,0.95,SW:stag3,0.1,3,18.656183459832018,2.1607786692129083,12.358096113459382,0.44174143205395566,0.0
32,0.95,CAPSCHED:3,0.1,3,17.368784449739135,0.8733796591200264,12.358096113459382,-0.8456575780389265,0.3333333333333333
32,0.95,INTERLEAVE,0.1,3,19.07088034722801,2.5754755566088994,12.358096113459382,0.8564383194499466,0.0
32,0.95,BANDIT:8,0.1,3,18.28326655916416,1.7878617685450537,12.358096113459382,0.06882453138610096,0.3333333333333333
32,0.95,M0,0.3,3,17.632280229543962,4.664240460552338,14.41022658806427,1.4699686763707913,0.3333333333333333
32,0.95,M1,0.3,3,16.92228126670311,3.9542414977114873,14.41022658806427,0.7599697135299408,0.6666666666666666
32,0.95,CAP:8,0.3,3,17.5938453756737,4.625805606682076,14.41022658806427,1.4315338225005292,0.0
32,0.95,CAP:16,0.3,3,17.417507238136356,4.44946746914473,14.41022658806427,1.2551956849631833,0.3333333333333333
32,0.95,SW:fixed3,0.3,3,15.630099900584867,2.6620601315932424,14.41022658806427,-0.5322116525883042,0.6666666666666666
32,0.95,SW:fixed10,0.3,3,16.124649448714603,3.156609679722981,14.41022658806427,-0.037662104458565736,0.3333333333333333
32,0.95,SW:stag3,0.3,3,16.785637903808276,3.817598134816654,14.41022658806427,0.6233263506351076,0.3333333333333333
32,0.95,CAPSCHED:3,0.3,3,15.419216026136041,2.4511762571444193,14.41022658806427,-0.7430955270371274,0.6666666666666666
32,0.95,INTERLEAVE,0.3,3,14.979320300178253,2.0112805311866317,14.41022658806427,-1.182991252994915,0.6666666666666666
32,0.95,BANDIT:8,0.3,3,15.61763128151278,2.649591512521156,14.41022658806427,-0.5446802716603903,0.3333333333333333
32,0.95,M0,1.0,3,13.445423174419647,3.7520430764667694,18.674961823097863,1.5478468562800691,0.3333333333333333
32,0.95,M1,1.0,3,11.9141647319658,2.2207846340129223,18.674961823097863,0.016588413826222375,0.6666666666666666
32,0.95,CAP:8,1.0,3,14.482770324652734,4.789390226699855,18.674961823097863,2.585194006513156,0.3333333333333333
32,0.95,CAP:16,1.0,3,13.257467187585883,3.564087089633007,18.674961823097863,1.3598908694463072,0.3333333333333333
32,0.95,SW:fixed3,1.0,3,13.75971747231651,4.0663373743636315,18.674961823097863,1.8621411541769322,0.3333333333333333
32,0.95,SW:fixed10,1.0,3,13.133510881678083,3.440130783725205,18.674961823097863,1.235934563538505,0.3333333333333333
32,0.95,SW:stag3,1.0,3,13.591603604784124,3.8982235068312456,18.674961823097863,1.6940272866445458,0.3333333333333333
32,0.95,CAPSCHED:3,1.0,3,11.616074283137243,1.9226941851843629,18.674961823097863,-0.281502035002337,0.6666666666666666
32,0.95,INTERLEAVE,1.0,3,10.683679652271529,0.9902995543186511,18.674961823097863,-1.2138966658680488,0.6666666666666666
32,0.95,BANDIT:8,1.0,3,11.620207527933895,1.9268274299810166,18.674961823097863,-0.27736879020568317,0.6666666666666666
32,0.95,M0,3.0,3,10.59000642141474,3.652226648432768,21.0311089321298,1.0485772123071004,0.6666666666666666
32,0.95,M1,3.0,3,10.51043899673814,3.572659223756167,21.0311089321298,0.9690097876304993,0.3333333333333333
32,0.95,CAP:8,3.0,3,11.313407813196868,4.375628040214895,21.0311089321298,1.7719786040892274,0.3333333333333333
32,0.95,CAP:16,3.0,3,9.394866463102327,2.457086690120356,21.0311089321298,-0.14656274600531205,0.3333333333333333
32,0.95,SW:fixed3,3.0,3,10.17335498316078,3.2355752101788067,21.0311089321298,0.6319257740531388,0.6666666666666666
32,0.95,SW:fixed10,3.0,3,11.118117497487853,4.1803377245058835,21.0311089321298,1.5766882883802154,0.3333333333333333
32,0.95,SW:stag3,3.0,3,10.462358721242348,3.5245789482603764,21.0311089321298,0.9209295121347084,0.3333333333333333
32,0.95,CAPSCHED:3,3.0,3,8.629436767319515,1.6916569943375428,21.0311089321298,-0.9119924417881252,0.3333333333333333
32,0.95,INTERLEAVE,3.0,3,8.588200152783175,1.6504203798012043,21.0311089321298,-0.9532290563244636,0.6666666666666666
32,0.95,BANDIT:8,3.0,3,8.357682166761384,1.419902393779412,21.0311089321298,-1.183747042346256,0.6666666666666666
32,0.95,M0,10.0,3,8.593110046447547,4.613729045593555,22.178150376358644,0.19872228156875119,0.3333333333333333
32,0.95,M1,10.0,3,9.111541723014083,5.132160722160092,22.178150376358644,0.7171539581352881,0.6666666666666666
32,0.95,CAP:8,10.0,3,4.687231630041399,0.7078506291874073,22.178150376358644,-3.7071561348373963,1.0
32,0.95,CAP:16,10.0,3,4.813255814628849,0.8338748137748565,22.178150376358644,-3.5811319502499472,1.0
32,0.95,SW:fixed3,10.0,3,8.954888184314536,4.975507183460543,22.178150376358644,0.5605004194357394,0.3333333333333333
32,0.95,SW:fixed10,10.0,3,7.20412129659498,3.2247402957409883,22.178150376358644,-1.1902664682838153,0.6666666666666666
32,0.95,SW:stag3,10.0,3,10.288681387401859,6.309300386547868,22.178150376358644,1.8942936225230635,0.0
32,0.95,CAPSCHED:3,10.0,3,8.52642852247889,4.547047521624899,22.178150376358644,0.13204075760009518,0.3333333333333333
32,0.95,INTERLEAVE,10.0,3,5.5292443426223175,1.5498633417683259,22.178150376358644,-2.865143422256478,1.0
32,0.95,BANDIT:8,10.0,3,5.17021281466513,1.190831813811138,22.178150376358644,-3.2241749502136656,1.0
32,0.95,M0,30.0,3,7.154508518296203,6.536477638740155,24.46256212221854,1.0445324992773013,0.3333333333333333
32,0.95,M1,30.0,3,6.405157358231805,5.787126478675757,24.46256212221854,0.29518133921290374,0.6666666666666666
32,0.95,CAP:8,30.0,3,1.8342498859874918,1.2162190064314433,24.46256212221854,-4.27572613303141,1.0
32,0.95,CAP:16,30.0,3,3.4281535121659394,2.810122632609891,24.46256212221854,-2.681822506852962,1.0
32,0.95,SW:fixed3,30.0,3,7.977947378245763,7.359916498689714,24.46256212221854,1.8679713592268612,0.0
32,0.95,SW:fixed10,30.0,3,6.801582727899138,6.1835518483430905,24.46256212221854,0.691606708880237,0.6666666666666666
32,0.95,SW:stag3,30.0,3,6.455698444271687,5.8376675647156375,24.46256212221854,0.345722425252785,0.6666666666666666
32,0.95,CAPSCHED:3,30.0,3,6.712981284939839,6.094950405383789,24.46256212221854,0.6030052659209364,0.3333333333333333
32,0.95,INTERLEAVE,30.0,3,3.34914007641153,2.7311091968554817,24.46256212221854,-2.7608359426073714,1.0
32,0.95,BANDIT:8,30.0,3,2.8425368550927748,2.2245059755367262,24.46256212221854,-3.267439163926127,1.0
32,0.95,M0,60.0,3,4.929353967908729,4.929353967908729,26.54568069882332,0.9024965254946077,0.3333333333333333
32,0.95,M1,60.0,3,4.86227858420162,4.86227858420162,26.54568069882332,0.8354211417874987,0.6666666666666666
32,0.95,CAP:8,60.0,3,1.3658572554894342,1.3658572554894342,26.54568069882332,-2.6610001869246873,0.6666666666666666
32,0.95,CAP:16,60.0,3,3.131373556844308,3.131373556844308,26.54568069882332,-0.8954838855698135,0.6666666666666666
32,0.95,SW:fixed3,60.0,3,6.3589189911982755,6.3589189911982755,26.54568069882332,2.3320615487841536,0.0
32,0.95,SW:fixed10,60.0,3,5.694683643462784,5.694683643462784,26.54568069882332,1.6678262010486613,0.0
32,0.95,SW:stag3,60.0,3,3.822151011814807,3.822151011814807,26.54568069882332,-0.20470643059931426,0.6666666666666666
32,0.95,CAPSCHED:3,60.0,3,4.919472852477846,4.919472852477846,26.54568069882332,0.892615410063725,0.3333333333333333
32,0.95,INTERLEAVE,60.0,3,2.0371654245191713,2.0371654245191713,26.54568069882332,-1.9896920178949504,1.0
32,0.95,BANDIT:8,60.0,3,1.5095529137361208,1.5095529137361208,26.54568069882332,-2.5173045286780007,0.6666666666666666
64,0.9,M0,0.0,6,21.84198923987654,0.0,0.0,0.0,1.0
64,0.9,M1,0.0,6,21.84198923987654,0.0,0.0,0.0,1.0
64,0.9,CAP:8,0.0,6,21.84198923987654,0.0,0.0,0.0,1.0
64,0.9,CAP:16,0.0,6,21.84198923987654,0.0,0.0,0.0,1.0
64,0.9,SW:fixed3,0.0,6,21.84198923987654,0.0,0.0,0.0,1.0
64,0.9,SW:fixed10,0.0,6,21.84198923987654,0.0,0.0,0.0,1.0
64,0.9,SW:stag3,0.0,6,21.84198923987654,0.0,0.0,0.0,1.0
64,0.9,CAPSCHED:3,0.0,6,21.84198923987654,0.0,0.0,0.0,1.0
64,0.9,INTERLEAVE,0.0,6,21.84198923987654,0.0,0.0,0.0,1.0
64,0.9,BANDIT:8,0.0,6,21.84198923987654,0.0,0.0,0.0,1.0
64,0.9,M0,0.1,6,18.63415552211322,1.3014017008910852,3.72569533747128,0.5178616197079569,0.5
64,0.9,M1,0.1,6,18.48833137143745,1.1555775502153165,3.72569533747128,0.3720374690321883,0.5
64,0.9,CAP:8,0.1,6,18.790952549973156,1.4581987287510256,3.72569533747128,0.6746586475678973,0.16666666666666666
64,0.9,CAP:16,0.1,6,18.450427226840745,1.1176734056186148,3.72569533747128,0.33413332443548655,0.3333333333333333
64,0.9,SW:fixed3,0.1,6,18.708230767590205,1.3754769463680692,3.72569533747128,0.5919368651849409,0.5
64,0.9,SW:fixed10,0.1,6,18.708230767590205,1.3754769463680692,3.72569533747128,0.5919368651849409,0.5
64,0.9,SW:stag3,0.1,6,18.38602347290837,1.0532696516862365,3.72569533747128,0.2697295705031082,0.6666666666666666
64,0.9,CAPSCHED:3,0.1,6,19.212810112558454,1.8800562913363201,3.72569533747128,1.0965162101531918,0.3333333333333333
64,0.9,INTERLEAVE,0.1,6,18.324687539710936,0.9919337184888003,3.72569533747128,0.20839363730567217,0.6666666666666666
64,0.9,BANDIT:8,0.1,6,19.371713525323976,2.038959704101842,3.72569533747128,1.2554196229187138,0.3333333333333333
64,0.9,M0,0.3,6,11.73156751160878,4.0177867519607044,13.48048107351024,3.3700593452424794,0.3333333333333333
64,0.9,M1,0.3,6,8.720227861118097,1.00644710147002,13.48048107351024,0.35871969475179544,0.6666666666666666
64,0.9,CAP:8,0.3,6,8.900764710439164,1.1869839507910886,13.48048107351024,0.5392565440728639,0.5
64,0.9,CAP:16,0.3,6,8.991462214286873,1.2776814546387971,13.48048107351024,0.6299540479205726,0.3333333333333333
64,0.9,SW:fixed3,0.3,6,8.877010603624658,1.1632298439765814,13.48048107351024,0.5155024372583568,0.5
64,0.9,SW:fixed10,0.3,6,8.467330314411502,0.753549554763426,13.48048107351024,0.10582214804520144,0.6666666666666666
64,0.9,SW:stag3,0.3,6,8.422564956653343,0.7087841970052668,13.48048107351024,0.06105679028704225,0.6666666666666666
64,0.9,CAPSCHED:3,0.3,6,9.403716424417858,1.6899356647697814,13.48048107351024,1.0422082580515566,0.3333333333333333
64,0.9,INTERLEAVE,0.3,6,8.817933713407388,1.1041529537593129,13.48048107351024,0.4564255470410883,0.6666666666666666
64,0.9,BANDIT:8,0.3,6,10.042137394732432,2.3283566350843556,13.48048107351024,1.680629228366131,0.3333333333333333
64,0.9,M0,1.0,6,6.134487579456945,1.2004280433737085,15.930459320927879,0.2229576605082834,0.8333333333333333
64,0.9,M1,1.0,6,8.237232630513219,3.303173094429983,15.930459320927879,2.325702711564558,0.16666666666666666
64,0.9,CAP:8,1.0,6,7.353549404810945,2.419489868727707,15.930459320927879,1.442019485862282,0.16666666666666666
64,0.9,CAP:16,1.0,6,7.738411595912607,2.8043520598293696,15.930459320927879,1.8268816769639449,0.16666666666666666
64,0.9,SW:fixed3,1.0,6,8.073629418045181,3.139569881961945,15.930459320927879,2.1620994990965197,0.16666666666666666
64,0.9,SW:fixed10,1.0,6,7.9019107961712045,2.9678512600879676,15.930459320927879,1.9903808772225426,0.3333333333333333
64,0.9,SW:stag3,1.0,6,8.231746841136491,3.2976873050532554,15.930459320927879,2.3202169221878304,0.16666666666666666
64,0.9,CAPSCHED:3,1.0,6,8.082546647417743,3.1484871113345054,15.930459320927879,2.1710167284690804,0.16666666666666666
64,0.9,INTERLEAVE,1.0,6,6.94021117437278,2.0061516382895426,15.930459320927879,1.0286812554241176,0.3333333333333333
64,0.9,BANDIT:8,1.0,6,8.003753595070929,3.069694058987692,15.930459320927879,2.0922236761222672,0.16666666666666666
64,0.9,M0,3.0,6,4.082156297313948,0.6435396967361733,17.982790603070878,0.2229576605082834,0.8333333333333333
64,0.9,M1,3.0,6,8.038948912620386,4.600332312042611,17.982790603070878,4.179750275814722,0.16666666666666666
64,0.9,CAP:8,3.0,6,7.197629558249121,3.7590129576713456,17.982790603070878,3.3384309214434555,0.0
64,0.9,CAP:16,3.0,6,7.390827071574523,3.9522104709967483,17.982790603070878,3.5316284347688587,0.0
64,0.9,SW:fixed3,3.0,6,7.016388651000259,3.5777720504224844,17.982790603070878,3.157190014194594,0.16666666666666666
64,0.9,SW:fixed10,3.0,6,7.0232630935360145,3.5846464929582393,17.982790603070878,3.1640644567303493,0.3333333333333333
64,0.9,SW:stag3,3.0,6,6.747690402509198,3.309073801931424,17.982790603070878,2.8884917657035345,0.16666666666666666
64,0.9,CAPSCHED:3,3.0,6,7.348956340017578,3.910339739439803,17.982790603070878,3.4897577032119136,0.16666666666666666
64,0.9,INTERLEAVE,3.0,6,5.777714509700539,2.339097909122765,17.982790603070878,1.918515872894875,0.16666666666666666
64,0.9,BANDIT:8,3.0,6,6.427316311605005,2.988699711027231,17.982790603070878,2.568117674799341,0.3333333333333333
64,0.9,M0,10.0,6,3.256935479850379,1.9637243828695174,18.93458907785393,0.3495353178277675,0.6666666666666666
64,0.9,M1,10.0,6,6.107068603536026,4.813857506555165,18.93458907785393,3.199668441513415,0.3333333333333333
64,0.9,CAP:8,10.0,6,5.348241425929459,4.055030328948598,18.93458907785393,2.4408412639068477,0.16666666666666666
64,0.9,CAP:16,10.0,6,5.362735571606608,4.069524474625746,18.93458907785393,2.4553354095839963,0.0
64,0.9,SW:fixed3,10.0,6,3.4402613809692126,2.1470502839883516,18.93458907785393,0.5328612189466014,0.5
64,0.9,SW:fixed10,10.0,6,4.9840074834789325,3.6907963864980715,18.93458907785393,2.0766073214563217,0.3333333333333333
64,0.9,SW:stag3,10.0,6,3.0606980011597704,1.767486904178909,18.93458907785393,0.1532978391371588,0.5
64,0.9,CAPSCHED:3,10.0,6,3.3615752138197714,2.0683641168389104,18.93458907785393,0.4541750517971602,0.3333333333333333
64,0.9,INTERLEAVE,10.0,6,4.31789806494116,3.0246869679602986,18.93458907785393,1.4104979029185487,0.16666666666666666
64,0.9,BANDIT:8,10.0,6,3.41485430527106,2.121643208290199,18.93458907785393,0.5074541432484491,0.5
64,0.9,M0,30.0,6,1.9532926117875422,1.487093383699929,20.027566410159693,0.13886978207069292,0.8333333333333333
64,0.9,M1,30.0,6,3.9835023682119735,3.51730314012436,20.027566410159693,2.169079538495124,0.16666666666666666
64,0.9,CAP:8,30.0,6,3.1417328493368943,2.675533621249281,20.027566410159693,1.3273100196200454,0.16666666666666666
64,0.9,CAP:16,30.0,6,3.640019308656939,3.173820080569326,20.027566410159693,1.8255964789400896,0.16666666666666666
64,0.9,SW:fixed3,30.0,6,2.4592332297403834,1.9930340016527706,20.027566410159693,0.6448104000235342,0.3333333333333333
64,0.9,SW:fixed10,30.0,6,1.739647100463371,1.273447872375758,20.027566410159693,-0.07477572925347814,0.5
64,0.9,SW:stag3,30.0,6,2.140248035604079,1.674048807516466,20.027566410159693,0.3258252058872297,0.5
64,0.9,CAPSCHED:3,30.0,6,2.218515489752952,1.752316261665339,20.027566410159693,0.4040926600361029,0.3333333333333333
64,0.9,INTERLEAVE,30.0,6,2.7618936741343134,2.2956944460467006,20.027566410159693,0.9474708444174645,0.16666666666666666
64,0.9,BANDIT:8,30.0,6,2.7991240147874845,2.3329247866998717,20.027566410159693,0.9847011850706355,0.16666666666666666
64,0.9,M0,60.0,6,1.4062891013093377,1.4062891013093377,20.676549089562634,0.24084895099543266,0.6666666666666666
64,0.9,M1,60.0,6,3.170541411918811,3.170541411918811,20.676549089562634,2.0051012616049064,0.3333333333333333
64,0.9,CAP:8,60.0,6,2.3016251139425963,2.3016251139425963,20.676549089562634,1.1361849636286911,0.3333333333333333
64,0.9,CAP:16,60.0,6,3.143573515216799,3.143573515216799,20.676549089562634,1.9781333649028943,0.16666666666666666
64,0.9,SW:fixed3,60.0,6,1.6541424320729368,1.6541424320729368,20.676549089562634,0.4887022817590318,0.3333333333333333
64,0.9,SW:fixed10,60.0,6,1.7109598753843618,1.7109598753843618,20.676549089562634,0.5455197250704567,0.3333333333333333
64,0.9,SW:stag3,60.0,6,1.884326371777019,1.884326371777019,20.676549089562634,0.718886221463114,0.16666666666666666
64,0.9,CAPSCHED:3,60.0,6,1.4049083636458009,1.4049083636458009,20.676549089562634,0.239468213331896,0.5
64,0.9,INTERLEAVE,60.0,6,1.930206637275854,1.930206637275854,20.676549089562634,0.764766486961949,0.16666666666666666
64,0.9,BANDIT:8,60.0,6,2.0422668726648987,2.0422668726648987,20.676549089562634,0.8768267223509936,0.16666666666666666
64,0.95,M0,0.0,5,19.58983915491255,0.0,0.0,0.0,1.0
64,0.95,M1,0.0,5,19.58983915491255,0.0,0.0,0.0,1.0
64,0.95,CAP:8,0.0,5,19.58983915491255,0.0,0.0,0.0,1.0
64,0.95,CAP:16,0.0,5,19.58983915491255,0.0,0.0,0.0,1.0
64,0.95,SW:fixed3,0.0,5,19.58983915491255,0.0,0.0,0.0,1.0
64,0.95,SW:fixed10,0.0,5,19.58983915491255,0.0,0.0,0.0,1.0
64,0.95,SW:stag3,0.0,5,19.58983915491255,0.0,0.0,0.0,1.0
64,0.95,CAPSCHED:3,0.0,5,19.58983915491255,0.0,0.0,0.0,1.0
64,0.95,INTERLEAVE,0.0,5,19.58983915491255,0.0,0.0,0.0,1.0
64,0.95,BANDIT:8,0.0,5,19.58983915491255,0.0,0.0,0.0,1.0
64,0.95,M0,0.1,5,18.07595765343206,1.5392223277343184,2.2711042430342676,0.7572227415537798,0.16666666666666666
64,0.95,M1,0.1,5,17.930209842961908,1.3934745172641634,2.2711042430342676,0.6114749310836247,0.8333333333333333
64,0.95,CAP:8,0.1,5,17.981403813778044,1.4446684880803007,2.2711042430342676,0.6626689018997621,0.5
64,0.95,CAP:16,0.1,5,17.602020168416715,1.0652848427189745,2.2711042430342676,0.28328525653843584,0.5
64,0.95,SW:fixed3,0.1,5,18.11060646019173,1.5738711344939857,2.2711042430342676,0.7918715483134472,0.5
64,0.95,SW:fixed10,0.1,5,17.93404754105334,1.3973122153555968,2.2711042430342676,0.6153126291750582,0.6666666666666666
64,0.95,SW:stag3,0.1,5,17.93404754105334,1.3973122153555968,2.2711042430342676,0.6153126291750582,0.6666666666666666
64,0.95,CAPSCHED:3,0.1,5,17.96366909453369,1.4269337688359447,2.2711042430342676,0.6449341826554061,0.5
64,0.95,INTERLEAVE,0.1,5,17.93404754105334,1.3973122153555968,2.2711042430342676,0.6153126291750582,0.6666666666666666
64,0.95,BANDIT:8,0.1,5,18.024532124493227,1.487796798795483,2.2711042430342676,0.7057972126149442,0.6666666666666666
64,0.95,M0,0.3,5,15.921205201078237,2.808084000924156,5.268921510887559,1.6002875570532478,0.41666666666666663
64,0.95,M1,0.3,5,15.186847067843363,2.073725867689281,5.268921510887559,0.8659294238183727,0.5833333333333333
64,0.95,CAP:8,0.3,5,13.835405567673424,0.7222843675193423,5.268921510887559,-0.48551207635156557,0.5833333333333333
64,0.95,CAP:16,0.3,5,14.671269812118673,1.5581486119645902,5.268921510887559,0.3503521680936822,0.41666666666666663
64,0.95,SW:fixed3,0.3,5,16.07747454001233,2.9643533398582456,5.268921510887559,1.756556895987337,0.25
64,0.95,SW:fixed10,0.3,5,14.703823535374546,1.5907023352204643,5.268921510887559,0.3829058913495564,0.5833333333333333
64,0.95,SW:stag3,0.3,5,15.322041998159431,2.2089207980053485,5.268921510887559,1.0011243541344406,0.25
64,0.95,CAPSCHED:3,0.3,5,15.166755657368633,2.0536344572145504,5.268921510887559,0.845838013343642,0.25
64,0.95,INTERLEAVE,0.3,5,14.769208468413694,1.6560872682596108,5.268921510887559,0.44829082438870294,0.25
64,0.95,BANDIT:8,0.3,5,15.323277917551227,2.2101567173971435,5.268921510887559,1.0023602735262358,0.25
64,0.95,M0,1.0,5,11.721243442118,1.4058916200149134,8.559903357402726,0.6913076446081784,0.5833333333333333
64,0.95,M1,1.0,5,13.840848291097895,3.525496468994807,8.559903357402726,2.810912493588072,0.41666666666666663
64,0.95,CAP:8,1.0,5,11.903959785335008,1.58860796323192,8.559903357402726,0.874023987825185,0.25
64,0.95,CAP:16,1.0,5,12.174989112165317,1.8596372900622284,8.559903357402726,1.1450533146554933,0.25
64,0.95,SW:fixed3,1.0,5,14.04061287654442,3.725261054441333,8.559903357402726,3.010677079034598,0.16666666666666666
64,0.95,SW:fixed10,1.0,5,12.24690679262417,1.931554970521084,8.559903357402726,1.2169709951143488,0.41666666666666663
64,0.95,SW:stag3,1.0,5,13.798642301755965,3.483290479652877,8.559903357402726,2.768706504246142,0.16666666666666666
64,0.95,CAPSCHED:3,1.0,5,13.345716072999931,3.0303642508968442,8.559903357402726,2.3157802754901087,0.41666666666666663
64,0.95,INTERLEAVE,1.0,5,13.719134965232584,3.4037831431294965,8.559903357402726,2.6891991677227614,0.16666666666666666
64,0.95,BANDIT:8,1.0,5,13.220064603844712,2.904712781741623,8.559903357402726,2.190128806334888,0.16666666666666666
64,0.95,M0,3.0,5,8.040250546579582,2.3307958126423545,12.168589951026984,0.6190013426940157,0.5833333333333333
64,0.95,M1,3.0,5,11.661042766443495,5.951588032506269,12.168589951026984,4.23979356255793,0.41666666666666663
64,0.95,CAP:8,3.0,5,10.352217843142231,4.642763109205005,12.168589951026984,2.930968639256666,0.25
64,0.95,CAP:16,3.0,5,10.615096520147395,4.905641786210167,12.168589951026984,3.193847316261828,0.0
64,0.95,SW:fixed3,3.0,5,12.292516685226225,6.583061951288998,12.168589951026984,4.8712674813406585,0.0
64,0.95,SW:fixed10,3.0,5,10.536322297394243,4.826867563457016,12.168589951026984,3.115073093508678,0.25
64,0.95,SW:stag3,3.0,5,12.92536747105204,7.215912737114812,12.168589951026984,5.504118267166473,0.0
64,0.95,CAPSCHED:3,3.0,5,11.998433805965142,6.288979072027915,12.168589951026984,4.5771846020795754,0.25
64,0.95,INTERLEAVE,3.0,5,9.907792941988081,4.198338208050854,12.168589951026984,2.486543738102515,0.0
64,0.95,BANDIT:8,3.0,5,8.136126901863914,2.4266721679266876,12.168589951026984,0.7148776979783484,0.25
64,0.95,M0,10.0,5,7.304013447159361,2.270429571383765,14.021167406336179,1.735341698582992,0.5833333333333333
64,0.95,M1,10.0,5,7.118177808430248,2.084593932654651,14.021167406336179,1.5495060598538777,0.41666666666666663
64,0.95,CAP:8,10.0,5,8.528991815627103,3.4954079398515066,14.021167406336179,2.9603200670507333,0.16666666666666666
64,0.95,CAP:16,10.0,5,7.3115446506230555,2.2779607748474584,14.021167406336179,1.742872902046685,0.16666666666666666
64,0.95,SW:fixed3,10.0,5,9.878436375164975,4.844852499389378,14.021167406336179,4.309764626588605,0.0
64,0.95,SW:fixed10,10.0,5,8.848094775742222,3.814510899966625,14.021167406336179,3.2794230271658518,0.0
64,0.95,SW:stag3,10.0,5,10.224124136469795,5.190540260694198,14.021167406336179,4.655452387893425,0.0
64,0.95,CAPSCHED:3,10.0,5,9.851177008188268,4.8175931324126715,14.021167406336179,4.282505259611898,0.0
64,0.95,INTERLEAVE,10.0,5,6.966369264675615,1.9327853889000188,14.021167406336179,1.3976975160992453,0.0
64,0.95,BANDIT:8,10.0,5,6.5093860558570675,1.4758021800814711,14.021167406336179,0.9407143072806978,0.25
64,0.95,M0,30.0,5,6.233099440387469,4.54449114749313,15.124129237080759,1.7673895225556768,0.25
64,0.95,M1,30.0,5,4.76002495425302,3.0714166613586813,15.124129237080759,0.2943150364212279,0.75
64,0.95,CAP:8,30.0,5,5.9122033909542555,4.223595098059917,15.124129237080759,1.4464934731224637,0.25
64,0.95,CAP:16,30.0,5,3.9147967930997005,2.2261885002053616,15.124129237080759,-0.5509131247320916,0.6666666666666666
64,0.95,SW:fixed3,30.0,5,6.84947506774456,5.160866774850222,15.124129237080759,2.383765149912768,0.16666666666666666
64,0.95,SW:fixed10,30.0,5,4.901191718069603,3.2125834251752643,15.124129237080759,0.4354818002378107,0.25
64,0.95,SW:stag3,30.0,5,6.027185274698636,4.338576981804296,15.124129237080759,1.5614753568668431,0.25
64,0.95,CAPSCHED:3,30.0,5,7.797652154413986,6.1090438615196465,15.124129237080759,3.331942236582194,0.0
64,0.95,INTERLEAVE,30.0,5,3.839250223228083,2.150641930333744,15.124129237080759,-0.6264596946037094,0.41666666666666663
64,0.95,BANDIT:8,30.0,5,2.930174130783272,1.241565837888933,15.124129237080759,-1.5355357870485205,0.6666666666666666
64,0.95,M0,60.0,5,6.031847204141986,6.031847204141986,16.74105267257323,3.1830607218026676,0.0
64,0.95,M1,60.0,5,2.8487864823393187,2.8487864823393187,16.74105267257323,0.0,1.0
64,0.95,CAP:8,60.0,5,3.9624574260002543,3.9624574260002543,16.74105267257323,1.1136709436609356,0.41666666666666663
64,0.95,CAP:16,60.0,5,2.2464686800468305,2.2464686800468305,16.74105267257323,-0.6023178022924881,0.41666666666666663
64,0.95,SW:fixed3,60.0,5,5.9696529674407515,5.9696529674407515,16.74105267257323,3.1208664851014323,0.0
64,0.95,SW:fixed10,60.0,5,4.901191718069603,4.901191718069603,16.74105267257323,2.0524052357302844,0.25
64,0.95,SW:stag3,60.0,5,3.624896642717145,3.624896642717145,16.74105267257323,0.776110160377826,0.25
64,0.95,CAPSCHED:3,60.0,5,7.261912303399182,7.261912303399182,16.74105267257323,4.413125821059863,0.0
64,0.95,INTERLEAVE,60.0,5,1.8302066620594157,1.8302066620594157,16.74105267257323,-1.0185798202799028,0.41666666666666663
64,0.95,BANDIT:8,60.0,5,1.7175008888828047,1.7175008888828047,16.74105267257323,-1.1312855934565138,0.5
128,0.9,M0,0.0,4,35.71895012164166,0.0,0.0,0.0,1.0
128,0.9,M1,0.0,4,35.71895012164166,0.0,0.0,0.0,1.0
128,0.9,CAP:8,0.0,4,35.71895012164166,0.0,0.0,0.0,1.0
128,0.9,CAP:16,0.0,4,35.71895012164166,0.0,0.0,0.0,1.0
128,0.9,SW:fixed3,0.0,4,35.71895012164166,0.0,0.0,0.0,1.0
128,0.9,SW:fixed10,0.0,4,35.71895012164166,0.0,0.0,0.0,1.0
128,0.9,SW:stag3,0.0,4,35.71895012164166,0.0,0.0,0.0,1.0
128,0.9,CAPSCHED:3,0.0,4,35.71895012164166,0.0,0.0,0.0,1.0
128,0.9,INTERLEAVE,0.0,4,35.71895012164166,0.0,0.0,0.0,1.0
128,0.9,BANDIT:8,0.0,4,35.71895012164166,0.0,0.0,0.0,1.0
128,0.9,M0,0.1,4,31.245546136746796,0.9159037875265471,5.050735447066047,0.5773314621711797,0.6666666666666666
128,0.9,M1,0.1,4,34.997526282191004,4.667883932970757,5.050735447066047,4.32931160761539,0.3333333333333333
128,0.9,CAP:8,0.1,4,34.73860926168262,4.408966912462371,5.050735447066047,4.070394587107003,0.3333333333333333
128,0.9,CAP:16,0.1,4,34.79693842378184,4.46729607456159,5.050735447066047,4.128723749206222,0.3333333333333333
128,0.9,SW:fixed3,0.1,4,34.997526282191004,4.667883932970757,5.050735447066047,4.32931160761539,0.3333333333333333
128,0.9,SW:fixed10,0.1,4,34.997526282191004,4.667883932970757,5.050735447066047,4.32931160761539,0.3333333333333333
128,0.9,SW:stag3,0.1,4,34.997526282191004,4.667883932970757,5.050735447066047,4.32931160761539,0.3333333333333333
128,0.9,CAPSCHED:3,0.1,4,34.997526282191004,4.667883932970757,5.050735447066047,4.32931160761539,0.3333333333333333
128,0.9,INTERLEAVE,0.1,4,34.997526282191004,4.667883932970757,5.050735447066047,4.32931160761539,0.3333333333333333
128,0.9,BANDIT:8,0.1,4,34.997526282191004,4.667883932970757,5.050735447066047,4.32931160761539,0.3333333333333333
128,0.9,M0,0.3,4,30.851882294591263,1.3682486320748,5.74390276467223,0.8768349376218249,0.5
128,0.9,M1,0.3,4,33.06126947182955,3.5776358093130916,5.74390276467223,3.0862221148601163,0.5
128,0.9,CAP:8,0.3,4,33.20834807299961,3.724714410483154,5.74390276467223,3.2333007160301794,0.3333333333333333
128,0.9,CAP:16,0.3,4,33.27100959757013,3.7873759350536726,5.74390276467223,3.295962240600698,0.16666666666666666
128,0.9,SW:fixed3,0.3,4,33.06126947182955,3.5776358093130916,5.74390276467223,3.0862221148601163,0.5
128,0.9,SW:fixed10,0.3,4,33.46665634562861,3.9830226831121496,5.74390276467223,3.4916089886591744,0.16666666666666666
128,0.9,SW:stag3,0.3,4,33.347988584523044,3.864354922006589,5.74390276467223,3.372941227553614,0.16666666666666666
128,0.9,CAPSCHED:3,0.3,4,33.407975557269,3.92434189475254,5.74390276467223,3.432928200299565,0.3333333333333333
128,0.9,INTERLEAVE,0.3,4,33.36053423162473,3.8769005691082743,5.74390276467223,3.385486874655299,0.16666666666666666
128,0.9,BANDIT:8,0.3,4,33.43365576479738,3.950022102280923,5.74390276467223,3.4586084078279478,0.16666666666666666
128,0.9,M0,1.0,4,29.472756125994465,5.7860212429088635,11.739140048821058,5.492946053173859,0.0
128,0.9,M1,1.0,4,23.97981007282061,0.29307518973500457,11.739140048821058,0.0,1.0
128,0.9,CAP:8,1.0,4,26.604519382443872,2.9177844993582696,11.739140048821058,2.624709309623265,0.0
128,0.9,CAP:16,1.0,4,27.602024332175134,3.9152894490895327,11.739140048821058,3.622214259354528,0.0
128,0.9,SW:fixed3,1.0,4,24.551041536557843,0.8643066534722433,11.739140048821058,0.5712314637372387,0.16666666666666666
128,0.9,SW:fixed10,1.0,4,25.589703239113778,1.9029683560281738,11.739140048821058,1.6098931662931693,0.5
128,0.9,SW:stag3,1.0,4,24.753079207742758,1.0663443246571562,11.739140048821058,0.7732691349221517,0.16666666666666666
128,0.9,CAPSCHED:3,1.0,4,24.935939608237177,1.2492047251515757,11.739140048821058,0.956129535416571,0.16666666666666666
128,0.9,INTERLEAVE,1.0,4,24.462285042528343,0.7755501594427416,11.739140048821058,0.48247496970773707,0.6666666666666666
128,0.9,BANDIT:8,1.0,4,25.43653693813165,1.7498020550460467,11.739140048821058,1.4567268653110421,0.6666666666666666
128,0.9,M0,3.0,4,17.074340493244968,5.273609549706549,20.054361755490234,1.4097521270935365,0.6666666666666666
128,0.9,M1,3.0,4,18.909075470458582,7.108344526920163,20.054361755490234,3.24448710430715,0.3333333333333333
128,0.9,CAP:8,3.0,4,20.318501131336227,8.51777018779781,20.054361755490234,4.6539127651847965,0.0
128,0.9,CAP:16,3.0,4,19.558336994269986,7.757606050731569,20.054361755490234,3.8937486281185567,0.0
128,0.9,SW:fixed3,3.0,4,19.535144334507955,7.7344133909695385,20.054361755490234,3.870555968356525,0.3333333333333333
128,0.9,SW:fixed10,3.0,4,16.74049002760863,4.939759084070214,20.054361755490234,1.075901661457201,0.3333333333333333
128,0.9,SW:stag3,3.0,4,18.566205418392506,6.765474474854088,20.054361755490234,2.9016170522410745,0.3333333333333333
128,0.9,CAPSCHED:3,3.0,4,16.69448086346528,4.8937499199268615,20.054361755490234,1.0298924973138481,0.3333333333333333
128,0.9,INTERLEAVE,3.0,4,12.216592126285452,0.415861182747034,20.054361755490234,-3.447996239865979,0.8333333333333333
128,0.9,BANDIT:8,3.0,4,18.613621526511057,6.81289058297264,20.054361755490234,2.949033160359627,0.3333333333333333
128,0.9,M0,10.0,4,4.222120935197647,0.6135073686448885,32.11033655508891,0.6135073686448885,0.8333333333333333
128,0.9,M1,10.0,4,17.521534020067865,13.912920453515106,32.11033655508891,13.912920453515106,0.16666666666666666
128,0.9,CAP:8,10.0,4,18.20685928598725,14.598245719434491,32.11033655508891,14.598245719434491,0.0
128,0.9,CAP:16,10.0,4,18.396317805189582,14.787704238636824,32.11033655508891,14.787704238636824,0.0
128,0.9,SW:fixed3,10.0,4,4.8334759149652555,1.2248623484124974,32.11033655508891,1.2248623484124974,0.0
128,0.9,SW:fixed10,10.0,4,16.521953593830716,12.91334002727796,32.11033655508891,12.91334002727796,0.0
128,0.9,SW:stag3,10.0,4,17.915162992705664,14.306549426152905,32.11033655508891,14.306549426152905,0.0
128,0.9,CAPSCHED:3,10.0,4,15.585061199543702,11.976447632990944,32.11033655508891,11.976447632990944,0.0
128,0.9,INTERLEAVE,10.0,4,8.573532264890606,4.964918698337849,32.11033655508891,4.964918698337849,0.0
128,0.9,BANDIT:8,10.0,4,4.221563754651521,0.6129501880987626,32.11033655508891,0.6129501880987626,0.0
128,0.9,M0,30.0,4,2.6286689528036633,1.8332599770706772,33.090281168838004,0.0,1.0
128,0.9,M1,30.0,4,16.60022726558973,15.804818289856746,33.090281168838004,13.971558312786067,0.0
128,0.9,CAP:8,30.0,4,16.006766314437797,15.211357338704811,33.090281168838004,13.378097361634133,0.0
128,0.9,CAP:16,30.0,4,15.115344106914709,14.319935131181722,33.090281168838004,12.486675154111046,0.0
128,0.9,SW:fixed3,30.0,4,2.7749302486413985,1.9795212729084126,33.090281168838004,0.14626129583773534,0.6666666666666666
128,0.9,SW:fixed10,30.0,4,1.8357104759649514,1.0403015002319653,33.090281168838004,-0.7929584768387121,0.6666666666666666
128,0.9,SW:stag3,30.0,4,2.4513374783498807,1.6559285026168946,33.090281168838004,-0.1773314744537826,0.16666666666666666
128,0.9,CAPSCHED:3,30.0,4,13.4582446934762,12.662835717743214,33.090281168838004,10.829575740672537,0.0
128,0.9,INTERLEAVE,30.0,4,2.668433136586371,1.873024160853385,33.090281168838004,0.039764183782707796,0.6666666666666666
128,0.9,BANDIT:8,30.0,4,3.8987677160923724,3.1033587403593863,33.090281168838004,1.2700987632887093,0.16666666666666666
128,0.9,M0,60.0,4,2.593634075607966,2.593634075607966,33.125316046033696,0.0,1.0
128,0.9,M1,60.0,4,15.603946086478828,15.603946086478828,33.125316046033696,13.010312010870862,0.0
128,0.9,CAP:8,60.0,4,14.19167839533132,14.19167839533132,33.125316046033696,11.598044319723353,0.0
128,0.9,CAP:16,60.0,4,12.901960687614478,12.901960687614478,33.125316046033696,10.308326612006512,0.0
128,0.9,SW:fixed3,60.0,4,1.06281164339981,1.06281164339981,33.125316046033696,-1.5308224322081558,0.6666666666666666
128,0.9,SW:fixed10,60.0,4,1.8357104759649514,1.8357104759649514,33.125316046033696,-0.7579235996430145,0.6666666666666666
128,0.9,SW:stag3,60.0,4,2.2838706358882095,2.2838706358882095,33.125316046033696,-0.3097634397197563,0.6666666666666666
128,0.9,CAPSCHED:3,60.0,4,1.515426060960889,1.515426060960889,33.125316046033696,-1.0782080146470772,0.6666666666666666
128,0.9,INTERLEAVE,60.0,4,2.668433136586371,2.668433136586371,33.125316046033696,0.07479906097840533,0.6666666666666666
128,0.9,BANDIT:8,60.0,4,1.4465300025241705,1.4465300025241705,33.125316046033696,-1.1471040730837954,0.6666666666666666
128,0.95,M0,0.0,6,14.44642184124157,0.0,0.0,0.0,1.0
128,0.95,M1,0.0,6,14.44642184124157,0.0,0.0,0.0,1.0
128,0.95,CAP:8,0.0,6,14.44642184124157,0.0,0.0,0.0,1.0
128,0.95,CAP:16,0.0,6,14.44642184124157,0.0,0.0,0.0,1.0
128,0.95,SW:fixed3,0.0,6,14.44642184124157,0.0,0.0,0.0,1.0
128,0.95,SW:fixed10,0.0,6,14.44642184124157,0.0,0.0,0.0,1.0
128,0.95,SW:stag3,0.0,6,14.44642184124157,0.0,0.0,0.0,1.0
128,0.95,CAPSCHED:3,0.0,6,14.44642184124157,0.0,0.0,0.0,1.0
128,0.95,INTERLEAVE,0.0,6,14.44642184124157,0.0,0.0,0.0,1.0
128,0.95,BANDIT:8,0.0,6,14.44642184124157,0.0,0.0,0.0,1.0
128,0.95,M0,0.1,6,13.69478589313015,0.43346162017421275,1.118064427644018,0.36642847953259805,0.3333333333333333
128,0.95,M1,0.1,6,13.921653621933645,0.6603293489777073,1.118064427644018,0.5932962083360926,0.6666666666666666
128,0.95,CAP:8,0.1,6,14.03923274366836,0.7779084707124229,1.118064427644018,0.710875330070808,0.3333333333333333
128,0.95,CAP:16,0.1,6,14.15251783350984,0.891193560553903,1.118064427644018,0.8241604199122882,0.16666666666666666
128,0.95,SW:fixed3,0.1,6,13.96277903193232,0.7014547589763815,1.118064427644018,0.6344216183347667,0.3333333333333333
128,0.95,SW:fixed10,0.1,6,13.921653621933645,0.6603293489777073,1.118064427644018,0.5932962083360926,0.6666666666666666
128,0.95,SW:stag3,0.1,6,13.929917745699724,0.6685934727437867,1.118064427644018,0.601560332102172,0.5
128,0.95,CAPSCHED:3,0.1,6,13.921653621933645,0.6603293489777073,1.118064427644018,0.5932962083360926,0.6666666666666666
128,0.95,INTERLEAVE,0.1,6,13.956125015837348,0.6948007428814094,1.118064427644018,0.6277676022397947,0.5
128,0.95,BANDIT:8,0.1,6,13.929917745699724,0.6685934727437867,1.118064427644018,0.601560332102172,0.5
128,0.95,M0,0.3,6,13.59451847264744,0.5715943335262514,1.377300033303346,0.5253966647092142,0.3333333333333333
128,0.95,M1,0.3,6,13.329128086836267,0.3062039477150793,1.377300033303346,0.26000627889804206,0.6666666666666666
128,0.95,CAP:8,0.3,6,13.71439685110575,0.6914727119845613,1.377300033303346,0.645275043167524,0.16666666666666666
128,0.95,CAP:16,0.3,6,13.722902080628643,0.6999779415074563,1.377300033303346,0.653780272690419,0.16666666666666666
128,0.95,SW:fixed3,0.3,6,13.446935609822017,0.424011470700829,1.377300033303346,0.3778138018837918,0.5
128,0.95,SW:fixed10,0.3,6,13.329128086836267,0.3062039477150793,1.377300033303346,0.26000627889804206,0.6666666666666666
128,0.95,SW:stag3,0.3,6,13.446935609822017,0.424011470700829,1.377300033303346,0.3778138018837918,0.5
128,0.95,CAPSCHED:3,0.3,6,13.466208356496939,0.4432842173757534,1.377300033303346,0.39708654855871617,0.6666666666666666
128,0.95,INTERLEAVE,0.3,6,13.329128086836267,0.3062039477150793,1.377300033303346,0.26000627889804206,0.6666666666666666
128,0.95,BANDIT:8,0.3,6,13.489524869407173,0.4666007302859878,1.377300033303346,0.42040306146895057,0.5
128,0.95,M0,1.0,6,12.268473376189927,2.942844035768454,4.953770743913921,2.775822278862278,0.3333333333333333
128,0.95,M1,1.0,6,9.897646720562012,0.5720173801405384,4.953770743913921,0.4049956232343621,0.6666666666666666
128,0.95,CAP:8,1.0,6,10.767807493910475,1.442178153489,4.953770743913921,1.2751563965828236,0.0
128,0.95,CAP:16,1.0,6,10.250208096184291,0.9245787557628178,4.953770743913921,0.7575569988566415,0.3333333333333333
128,0.95,SW:fixed3,1.0,6,10.3117923483384,0.9861630079169262,4.953770743913921,0.81914125101075,0.3333333333333333
128,0.95,SW:fixed10,1.0,6,10.062914043616988,0.7372847031955154,4.953770743913921,0.570262946289339,0.3333333333333333
128,0.95,SW:stag3,1.0,6,10.317736986184602,0.9921076457631287,4.953770743913921,0.8250858888569524,0.3333333333333333
128,0.95,CAPSCHED:3,1.0,6,10.575045698315513,1.2494163578940403,4.953770743913921,1.082394600987864,0.16666666666666666
128,0.95,INTERLEAVE,1.0,6,10.139737700004986,0.814108359583511,4.953770743913921,0.6470866026773348,0.6666666666666666
128,0.95,BANDIT:8,1.0,6,10.494769368427296,1.1691400280058235,4.953770743913921,1.0021182710996472,0.3333333333333333
128,0.95,M0,3.0,6,8.434761238012701,3.5653545201242167,8.609798648423368,2.598138045194499,0.3333333333333333
128,0.95,M1,3.0,6,7.9090501573328655,3.039643439444381,8.609798648423368,2.0724269645146634,0.6666666666666666
128,0.95,CAP:8,3.0,6,7.343428587925896,2.474021870037412,8.609798648423368,1.506805395107694,0.6666666666666666
128,0.95,CAP:16,3.0,6,6.8789133191117005,2.009506601223216,8.609798648423368,1.0422901262934978,0.6666666666666666
128,0.95,SW:fixed3,3.0,6,7.798013874560807,2.9286071566723217,8.609798648423368,1.9613906817426037,0.6666666666666666
128,0.95,SW:fixed10,3.0,6,7.891771360330938,3.0223646424424535,8.609798648423368,2.0551481675127357,0.5
128,0.95,SW:stag3,3.0,6,7.889525964296768,3.020119246408282,8.609798648423368,2.052902771478564,0.5
128,0.95,CAPSCHED:3,3.0,6,7.898460195066705,3.0290534771782203,8.609798648423368,2.0618370022485024,0.6666666666666666
128,0.95,INTERLEAVE,3.0,6,7.941679496370927,3.0722727784824424,8.609798648423368,2.1050563035527246,0.3333333333333333
128,0.95,BANDIT:8,3.0,6,7.989791861360608,3.1203851434721237,8.609798648423368,2.153168668542406,0.3333333333333333
128,0.95,M0,10.0,6,3.214207782212851,1.340487950296181,11.480279138525123,0.24806507949640277,0.8333333333333333
128,0.95,M1,10.0,6,7.047559158045253,5.173839326128583,11.480279138525123,4.081416455328805,0.16666666666666666
128,0.95,CAP:8,10.0,6,6.79570045252933,4.9219806206126595,11.480279138525123,3.8295577498128823,0.0
128,0.95,CAP:16,10.0,6,6.248186161613364,4.374466329696694,11.480279138525123,3.2820434588969154,0.0
128,0.95,SW:fixed3,10.0,6,5.737107471739963,3.863387639823293,11.480279138525123,2.7709647690235144,0.3333333333333333
128,0.95,SW:fixed10,10.0,6,7.055522340668968,5.181802508752299,11.480279138525123,4.089379637952521,0.0
128,0.95,SW:stag3,10.0,6,6.806198355313215,4.9324785233965445,11.480279138525123,3.840055652596767,0.0
128,0.95,CAPSCHED:3,10.0,6,6.973061776675388,5.099341944758719,11.480279138525123,4.00691907395894,0.0
128,0.95,INTERLEAVE,10.0,6,5.676965969733363,3.8032461378166937,11.480279138525123,2.7108232670169152,0.16666666666666666
128,0.95,BANDIT:8,10.0,6,4.548897832654696,2.6751780007380264,11.480279138525123,1.5827551299382479,0.3333333333333333
128,0.95,M0,30.0,6,2.2826983210184935,1.5234970573978237,12.163723520223078,0.0,1.0
128,0.95,M1,30.0,6,6.096316357498742,5.337115093878072,12.163723520223078,3.813618036480249,0.0
128,0.95,CAP:8,30.0,6,4.841208836569983,4.082007572949314,12.163723520223078,2.55851051555149,0.3333333333333333
128,0.95,CAP:16,30.0,6,4.697271540319614,3.9380702766989435,12.163723520223078,2.4145732193011193,0.3333333333333333
128,0.95,SW:fixed3,30.0,6,4.434510432966633,3.6753091693459634,12.163723520223078,2.1518121119481406,0.3333333333333333
128,0.95,SW:fixed10,30.0,6,5.121017644966301,4.361816381345632,12.163723520223078,2.8383193239478075,0.0
128,0.95,SW:stag3,30.0,6,5.021298150378942,4.262096886758272,12.163723520223078,2.7385998293604485,0.16666666666666666
128,0.95,CAPSCHED:3,30.0,6,5.728535748744892,4.969334485124222,12.163723520223078,3.445837427726398,0.16666666666666666
128,0.95,INTERLEAVE,30.0,6,3.689280728565775,2.9300794649451056,12.163723520223078,1.4065824075472824,0.3333333333333333
128,0.95,BANDIT:8,30.0,6,3.373644721291176,2.614443457670507,12.163723520223078,1.0909464002726834,0.5
128,0.95,M0,60.0,6,1.5933049637869945,1.5933049637869945,12.853116877454575,0.0,1.0
128,0.95,M1,60.0,6,5.244692361189139,5.244692361189139,12.853116877454575,3.651387397402144,0.0
128,0.95,CAP:8,60.0,6,3.3482975377488224,3.3482975377488224,12.853116877454575,1.754992573961828,0.3333333333333333
128,0.95,CAP:16,60.0,6,3.726412181225958,3.726412181225958,12.853116877454575,2.1331072174389636,0.3333333333333333
128,0.95,SW:fixed3,60.0,6,2.8288366076855582,2.8288366076855582,12.853116877454575,1.2355316438985642,0.3333333333333333
128,0.95,SW:fixed10,60.0,6,4.0746040942991755,4.0746040942991755,12.853116877454575,2.481299130512181,0.16666666666666666
128,0.95,SW:stag3,60.0,6,3.3108718330760087,3.3108718330760087,12.853116877454575,1.7175668692890143,0.3333333333333333
128,0.95,CAPSCHED:3,60.0,6,5.0426989788718455,5.0426989788718455,12.853116877454575,3.44939401508485,0.0
128,0.95,INTERLEAVE,60.0,6,3.508195572565657,3.508195572565657,12.853116877454575,1.9148906087786628,0.3333333333333333
128,0.95,BANDIT:8,60.0,6,2.7702830429169327,2.7702830429169327,12.853116877454575,1.1769780791299385,0.3333333333333333
256,0.9,M0,0.0,4,16.620508561500294,0.0,0.0,0.0,1.0
256,0.9,M1,0.0,4,16.620508561500294,0.0,0.0,0.0,1.0
256,0.9,CAP:8,0.0,4,16.620508561500294,0.0,0.0,0.0,1.0
256,0.9,CAP:16,0.0,4,16.620508561500294,0.0,0.0,0.0,1.0
256,0.9,SW:fixed3,0.0,4,16.620508561500294,0.0,0.0,0.0,1.0
256,0.9,SW:fixed10,0.0,4,16.620508561500294,0.0,0.0,0.0,1.0
256,0.9,SW:stag3,0.0,4,16.620508561500294,0.0,0.0,0.0,1.0
256,0.9,CAPSCHED:3,0.0,4,16.620508561500294,0.0,0.0,0.0,1.0
256,0.9,INTERLEAVE,0.0,4,16.620508561500294,0.0,0.0,0.0,1.0
256,0.9,BANDIT:8,0.0,4,16.620508561500294,0.0,0.0,0.0,1.0
256,0.9,M0,0.1,4,16.408102120477142,0.42118392341590316,0.6335903644390548,0.42118392341590316,0.16666666666666666
256,0.9,M1,0.1,4,16.137967532570215,0.1510493355089759,0.6335903644390548,0.1510493355089759,0.8333333333333333
256,0.9,CAP:8,0.1,4,16.16725092511886,0.18033272805761894,0.6335903644390548,0.18033272805761894,0.16666666666666666
256,0.9,CAP:16,0.1,4,16.16725092511886,0.18033272805761894,0.6335903644390548,0.18033272805761894,0.16666666666666666
256,0.9,SW:fixed3,0.1,4,16.137967532570215,0.1510493355089759,0.6335903644390548,0.1510493355089759,0.8333333333333333
256,0.9,SW:fixed10,0.1,4,16.137967532570215,0.1510493355089759,0.6335903644390548,0.1510493355089759,0.8333333333333333
256,0.9,SW:stag3,0.1,4,16.137967532570215,0.1510493355089759,0.6335903644390548,0.1510493355089759,0.8333333333333333
256,0.9,CAPSCHED:3,0.1,4,16.137967532570215,0.1510493355089759,0.6335903644390548,0.1510493355089759,0.8333333333333333
256,0.9,INTERLEAVE,0.1,4,16.137967532570215,0.1510493355089759,0.6335903644390548,0.1510493355089759,0.8333333333333333
256,0.9,BANDIT:8,0.1,4,16.137967532570215,0.1510493355089759,0.6335903644390548,0.1510493355089759,0.8333333333333333
256,0.9,M0,0.3,4,16.207557501463253,0.5868443911996715,0.8110660460814032,0.39811498604435985,0.3333333333333333
256,0.9,M1,0.3,4,16.122277278273764,0.5015641680101843,0.8110660460814032,0.3128347628548728,0.6666666666666666
256,0.9,CAP:8,0.3,4,15.953906881238712,0.3331937709751321,0.8110660460814032,0.14446436581982056,0.6666666666666666
256,0.9,CAP:16,0.3,4,16.03536217165872,0.41464906139513785,0.8110660460814032,0.2259196562398263,0.5
256,0.9,SW:fixed3,0.3,4,16.013618923900587,0.39290581363700616,0.8110660460814032,0.2041764084816946,0.8333333333333333
256,0.9,SW:fixed10,0.3,4,16.013618923900587,0.39290581363700616,0.8110660460814032,0.2041764084816946,0.8333333333333333
256,0.9,SW:stag3,0.3,4,16.09197345923053,0.4712603489669488,0.8110660460814032,0.28253094381163724,0.6666666666666666
256,0.9,CAPSCHED:3,0.3,4,16.137967532570215,0.517254422306636,0.8110660460814032,0.3285250171513244,0.6666666666666666
256,0.9,INTERLEAVE,0.3,4,16.09197345923053,0.4712603489669488,0.8110660460814032,0.28253094381163724,0.6666666666666666
256,0.9,BANDIT:8,0.3,4,16.013618923900587,0.39290581363700616,0.8110660460814032,0.2041764084816946,0.8333333333333333
256,0.9,M0,1.0,4,15.76739686113314,1.073468145787673,1.5544874943662916,0.7013757939991363,0.16666666666666666
256,0.9,M1,1.0,4,15.265981051141912,0.5720523357964467,1.5544874943662916,0.19995998400791007,0.8333333333333333
256,0.9,CAP:8,1.0,4,15.110315234544235,0.4163865191987675,1.5544874943662916,0.04429416741023094,0.6666666666666666
256,0.9,CAP:16,1.0,4,15.217793168655074,0.5238644533096073,1.5544874943662916,0.1517721015210707,0.6666666666666666
256,0.9,SW:fixed3,1.0,4,15.622734149754251,0.9288054344087853,1.5544874943662916,0.5567130826202485,0.6666666666666666
256,0.9,SW:fixed10,1.0,4,14.983845179917166,0.2899164645717011,1.5544874943662916,-0.08217588721683551,0.8333333333333333
256,0.9,SW:stag3,1.0,4,15.325633519189136,0.631704803843671,1.5544874943662916,0.2596124520551343,0.6666666666666666
256,0.9,CAPSCHED:3,1.0,4,15.275007212787703,0.5810784974422367,1.5544874943662916,0.2089861456537002,0.6666666666666666
256,0.9,INTERLEAVE,1.0,4,15.079481698058148,0.38555298271268157,1.5544874943662916,0.013460630924144956,0.8333333333333333
256,0.9,BANDIT:8,1.0,4,15.139139165870482,0.4452104505250145,1.5544874943662916,0.07311809873647786,0.6666666666666666
256,0.9,M0,3.0,4,15.074369010983425,4.870299692538553,5.307484275799652,3.761344725282782,0.0
256,0.9,M1,3.0,4,11.313024285700642,1.1089549672557704,5.307484275799652,0.0,1.0
256,0.9,CAP:8,3.0,4,10.872432196053774,0.6683628776089028,5.307484275799652,-0.4405920896468677,0.3333333333333333
256,0.9,CAP:16,3.0,4,11.153327509496155,0.9492581910512836,5.307484275799652,-0.1596967762044868,0.8333333333333333
256,0.9,SW:fixed3,3.0,4,11.428124522614612,1.224055204169739,5.307484275799652,0.11510023691396858,0.8333333333333333
256,0.9,SW:fixed10,3.0,4,10.531272121121235,0.32720280267636276,5.307484275799652,-0.7817521645794077,1.0
256,0.9,SW:stag3,3.0,4,11.183923478942537,0.9798541604976655,5.307484275799652,-0.12910080675810498,0.8333333333333333
256,0.9,CAPSCHED:3,3.0,4,11.266278226713428,1.0622089082685553,5.307484275799652,-0.046746058987215136,0.3333333333333333
256,0.9,INTERLEAVE,3.0,4,10.717244544824599,0.5131752263797273,5.307484275799652,-0.595779740876043,0.5
256,0.9,BANDIT:8,3.0,4,10.950827772032781,0.7467584535879087,5.307484275799652,-0.3621965136678617,0.8333333333333333
256,0.9,M0,10.0,4,7.27051917624049,3.5173695088765067,11.769201872508148,2.4192124872483456,0.16666666666666666
256,0.9,M1,10.0,4,5.04693039933456,1.2937807319705765,11.769201872508148,0.19562371034241602,0.8333333333333333
256,0.9,CAP:8,10.0,4,3.8637582747030725,0.11060860733908869,11.769201872508148,-0.9875484142890718,0.6666666666666666
256,0.9,CAP:16,10.0,4,3.9472994372815515,0.19414976991756797,11.769201872508148,-0.9040072517105925,0.6666666666666666
256,0.9,SW:fixed3,10.0,4,5.412544454628249,1.6593947872642656,11.769201872508148,0.561237765636105,0.16666666666666666
256,0.9,SW:fixed10,10.0,4,5.145251655186795,1.39210198782281,11.769201872508148,0.29394496619464966,0.16666666666666666
256,0.9,SW:stag3,10.0,4,5.145251655186795,1.39210198782281,11.769201872508148,0.29394496619464966,0.16666666666666666
256,0.9,CAPSCHED:3,10.0,4,5.092780349515178,1.3396306821511943,11.769201872508148,0.24147366052303365,0.16666666666666666
256,0.9,INTERLEAVE,10.0,4,5.145251655186795,1.39210198782281,11.769201872508148,0.29394496619464966,0.16666666666666666
256,0.9,BANDIT:8,10.0,4,5.013149089999962,1.2599994226359783,11.769201872508148,0.1618424010078178,0.16666666666666666
256,0.9,M0,30.0,4,1.1966106815938524,0.41718759833733604,15.423897879906441,0.0,1.0
256,0.9,M1,30.0,4,4.711471030605973,3.932047947349457,15.423897879906441,3.514860349012121,0.0
256,0.9,CAP:8,30.0,4,3.674765562310187,2.8953424790536704,15.423897879906441,2.4781548807163345,0.16666666666666666
256,0.9,CAP:16,30.0,4,3.6416947120613075,2.8622716288047907,15.423897879906441,2.4450840304674544,0.16666666666666666
256,0.9,SW:fixed3,30.0,4,2.4360497207110035,1.6566266374544871,15.423897879906441,1.2394390391171513,0.16666666666666666
256,0.9,SW:fixed10,30.0,4,3.1174309349441462,2.33800785168763,15.423897879906441,1.920820253350294,0.0
256,0.9,SW:stag3,30.0,4,5.1051576064702955,4.325734523213779,15.423897879906441,3.9085469248764433,0.0
256,0.9,CAPSCHED:3,30.0,4,4.768772547471874,3.989349464215358,15.423897879906441,3.572161865878022,0.0
256,0.9,INTERLEAVE,30.0,4,2.9114487632114328,2.132025679954917,15.423897879906441,1.7148380816175806,0.16666666666666666
256,0.9,BANDIT:8,30.0,4,3.5198515961096035,2.7404285128530868,15.423897879906441,2.3232409145157513,0.16666666666666666
256,0.9,M0,60.0,4,0.4881294687485269,0.4881294687485269,16.132379092751766,0.0,1.0
256,0.9,M1,60.0,4,4.711471030605973,4.711471030605973,16.132379092751766,4.223341561857447,0.0
256,0.9,CAP:8,60.0,4,3.674765562310187,3.674765562310187,16.132379092751766,3.18663609356166,0.0
256,0.9,CAP:16,60.0,4,3.5919264292801416,3.5919264292801416,16.132379092751766,3.103796960531615,0.0
256,0.9,SW:fixed3,60.0,4,1.882492193292181,1.882492193292181,16.132379092751766,1.3943627245436538,0.16666666666666666
256,0.9,SW:fixed10,60.0,4,1.669893932798812,1.669893932798812,16.132379092751766,1.181764464050285,0.16666666666666666
256,0.9,SW:stag3,60.0,4,3.7867455342453837,3.7867455342453837,16.132379092751766,3.2986160654968564,0.0
256,0.9,CAPSCHED:3,60.0,4,4.739683189130181,4.739683189130181,16.132379092751766,4.251553720381654,0.0
256,0.9,INTERLEAVE,60.0,4,1.3003679968151267,1.3003679968151267,16.132379092751766,0.8122385280665997,0.3333333333333333
256,0.9,BANDIT:8,60.0,4,1.188928694355387,1.188928694355387,16.132379092751766,0.70079922560686,0.3333333333333333
256,0.95,M0,0.0,5,12.49742339525077,0.0,0.0,0.0,1.0
256,0.95,M1,0.0,5,12.49742339525077,0.0,0.0,0.0,1.0
256,0.95,CAP:8,0.0,5,12.49742339525077,0.0,0.0,0.0,1.0
256,0.95,CAP:16,0.0,5,12.49742339525077,0.0,0.0,0.0,1.0
256,0.95,SW:fixed3,0.0,5,12.49742339525077,0.0,0.0,0.0,1.0
256,0.95,SW:fixed10,0.0,5,12.49742339525077,0.0,0.0,0.0,1.0
256,0.95,SW:stag3,0.0,5,12.49742339525077,0.0,0.0,0.0,1.0
256,0.95,CAPSCHED:3,0.0,5,12.49742339525077,0.0,0.0,0.0,1.0
256,0.95,INTERLEAVE,0.0,5,12.49742339525077,0.0,0.0,0.0,1.0
256,0.95,BANDIT:8,0.0,5,12.49742339525077,0.0,0.0,0.0,1.0
256,0.95,M0,0.1,5,12.245179236482148,0.1185905010587335,0.3692700673962557,0.11702590862763415,0.16666666666666666
256,0.95,M1,0.1,5,12.25678042073423,0.1301916853108169,0.3692700673962557,0.12862709287971752,0.8333333333333333
256,0.95,CAP:8,0.1,5,12.22871511750587,0.10212638208245495,0.3692700673962557,0.10056178965135558,0.5833333333333333
256,0.95,CAP:16,0.1,5,12.22871511750587,0.10212638208245495,0.3692700673962557,0.10056178965135558,0.5833333333333333
256,0.95,SW:fixed3,0.1,5,12.25678042073423,0.1301916853108169,0.3692700673962557,0.12862709287971752,0.8333333333333333
256,0.95,SW:fixed10,0.1,5,12.25678042073423,0.1301916853108169,0.3692700673962557,0.12862709287971752,0.8333333333333333
256,0.95,SW:stag3,0.1,5,12.25678042073423,0.1301916853108169,0.3692700673962557,0.12862709287971752,0.8333333333333333
256,0.95,CAPSCHED:3,0.1,5,12.25678042073423,0.1301916853108169,0.3692700673962557,0.12862709287971752,0.8333333333333333
256,0.95,INTERLEAVE,0.1,5,12.25678042073423,0.1301916853108169,0.3692700673962557,0.12862709287971752,0.8333333333333333
256,0.95,BANDIT:8,0.1,5,12.257535936151848,0.13094720072843502,0.3692700673962557,0.12938260829733564,0.8333333333333333
256,0.95,M0,0.3,5,11.934650277812889,0.26914102271256574,0.6707447701922788,0.10797165275439982,0.3333333333333333
256,0.95,M1,0.3,5,12.206475231452561,0.5409659763522376,0.6707447701922788,0.3797966063940718,0.6666666666666666
256,0.95,CAP:8,0.3,5,12.041118026931407,0.3756087718310815,0.6707447701922788,0.2144394018729156,0.6666666666666666
256,0.95,CAP:16,0.3,5,12.041118026931407,0.3756087718310815,0.6707447701922788,0.2144394018729156,0.6666666666666666
256,0.95,SW:fixed3,0.3,5,12.213559685925109,0.548050430824784,0.6707447701922788,0.38688106086661816,0.6666666666666666
256,0.95,SW:fixed10,0.3,5,12.213559685925109,0.548050430824784,0.6707447701922788,0.38688106086661816,0.6666666666666666
256,0.95,SW:stag3,0.3,5,12.206475231452561,0.5409659763522376,0.6707447701922788,0.3797966063940718,0.6666666666666666
256,0.95,CAPSCHED:3,0.3,5,12.206475231452561,0.5409659763522376,0.6707447701922788,0.3797966063940718,0.6666666666666666
256,0.95,INTERLEAVE,0.3,5,12.23353385821088,0.5680246031105554,0.6707447701922788,0.4068552331523893,0.6666666666666666
256,0.95,BANDIT:8,0.3,5,12.213559685925109,0.548050430824784,0.6707447701922788,0.38688106086661816,0.6666666666666666
256,0.95,M0,1.0,5,11.888984604147588,0.6512818919025454,0.9249806470687305,0.31654185596554824,0.16666666666666666
256,0.95,M1,1.0,5,11.703632670213254,0.46592995796821257,0.9249806470687305,0.13118992203121546,0.8333333333333333
256,0.95,CAP:8,1.0,5,11.693547142508198,0.455844430263156,0.9249806470687305,0.12110439432615883,0.25
256,0.95,CAP:16,1.0,5,11.633526216454673,0.3958235042096314,0.9249806470687305,0.06108346827263425,0.25
256,0.95,SW:fixed3,1.0,5,11.67584841056943,0.43814569832438643,0.9249806470687305,0.10340566238738924,0.8333333333333333
256,0.95,SW:fixed10,1.0,5,11.697681888050417,0.45997917580537495,0.9249806470687305,0.12523913986837776,0.8333333333333333
256,0.95,SW:stag3,1.0,5,11.738532395289036,0.5008296830439942,0.9249806470687305,0.16608964710699697,0.6666666666666666
256,0.95,CAPSCHED:3,1.0,5,11.766244614354521,0.5285419021094795,0.9249806470687305,0.19380186617248224,0.6666666666666666
256,0.95,INTERLEAVE,1.0,5,11.744361830397192,0.5066591181521506,0.9249806470687305,0.17191908221515348,0.8333333333333333
256,0.95,BANDIT:8,1.0,5,11.716174485187404,0.4784717729423629,0.9249806470687305,0.14373173700536573,0.6666666666666666
256,0.95,M0,3.0,5,10.974391162636929,2.582416022714469,3.5549389577210855,2.0319067251072447,0.0
256,0.95,M1,3.0,5,8.942484437529682,0.5505092976072241,3.5549389577210855,0.0,1.0
256,0.95,CAP:8,3.0,5,9.700594966357563,1.3086198264351037,3.5549389577210855,0.7581105288278797,0.41666666666666663
256,0.95,CAP:16,3.0,5,9.218694888930976,0.8267197490085155,3.5549389577210855,0.2762104514012914,0.41666666666666663
256,0.95,SW:fixed3,3.0,5,9.07786653161154,0.6858913916890829,3.5549389577210855,0.13538209408185875,0.8333333333333333
256,0.95,SW:fixed10,3.0,5,9.059269347257707,0.667294207335249,3.5549389577210855,0.11678490972802494,0.8333333333333333
256,0.95,SW:stag3,3.0,5,9.193228176072505,0.8012530361500467,3.5549389577210855,0.2507437385428226,0.6666666666666666
256,0.95,CAPSCHED:3,3.0,5,9.34847863378107,0.9565034938586118,3.5549389577210855,0.4059941962513877,0.6666666666666666
256,0.95,INTERLEAVE,3.0,5,9.144774017070585,0.7527988771481241,3.5549389577210855,0.2022895795408999,0.8333333333333333
256,0.95,BANDIT:8,3.0,5,9.163721963734336,0.7717468238118765,3.5549389577210855,0.22123752620465234,0.6666666666666666
256,0.95,M0,10.0,5,6.814276241627082,3.395742418545364,8.865954375111233,3.182807221487547,0.25
256,0.95,M1,10.0,5,4.065214938698637,0.6466811156169187,8.865954375111233,0.4337459185591015,0.75
256,0.95,CAP:8,10.0,5,4.9301978111608165,1.511663988079099,8.865954375111233,1.2987287910212817,0.25
256,0.95,CAP:16,10.0,5,4.972829671188461,1.5542958481067428,8.865954375111233,1.3413606510489253,0.25
256,0.95,SW:fixed3,10.0,5,4.065214938698637,0.6466811156169187,8.865954375111233,0.4337459185591015,0.75
256,0.95,SW:fixed10,10.0,5,4.056595495203956,0.6380616721222377,8.865954375111233,0.42512647506442053,0.75
256,0.95,SW:stag3,10.0,5,4.029648241665089,0.6111144185833696,8.865954375111233,0.3981792215255524,0.75
256,0.95,CAPSCHED:3,10.0,5,4.007074162671213,0.5885403395894936,8.865954375111233,0.37560514253167643,0.75
256,0.95,INTERLEAVE,10.0,5,4.065214938698637,0.6466811156169187,8.865954375111233,0.4337459185591015,0.75
256,0.95,BANDIT:8,10.0,5,3.9760935178739554,0.5575596947922367,8.865954375111233,0.34462449773441944,0.75
256,0.95,M0,30.0,5,2.1792289476196878,0.8702071265436588,10.679732848104173,0.3615384004730932,0.41666666666666663
256,0.95,M1,30.0,5,3.7773207544469454,2.4682989333709155,10.679732848104173,1.95963020730035,0.5833333333333333
256,0.95,CAP:8,30.0,5,4.346861248272587,3.037839427196558,10.679732848104173,2.529170701125992,0.25
256,0.95,CAP:16,30.0,5,3.800313821937524,2.491292000861495,10.679732848104173,1.9826232747909294,0.41666666666666663
256,0.95,SW:fixed3,30.0,5,4.065214938698637,2.756193117622608,10.679732848104173,2.2475243915520426,0.0
256,0.95,SW:fixed10,30.0,5,3.906529745893568,2.5975079248175392,10.679732848104173,2.088839198746973,0.16666666666666666
256,0.95,SW:stag3,30.0,5,3.7333641284683434,2.424342307392314,10.679732848104173,1.9156735813217483,0.25
256,0.95,CAPSCHED:3,30.0,5,3.8012978369755475,2.492276015899519,10.679732848104173,1.9836072898289532,0.0
256,0.95,INTERLEAVE,30.0,5,4.065214938698637,2.756193117622608,10.679732848104173,2.2475243915520426,0.0
256,0.95,BANDIT:8,30.0,5,3.739038751025099,2.4300169299490704,10.679732848104173,1.9213482038785044,0.41666666666666663
256,0.95,M0,60.0,5,2.1792289476196878,2.1792289476196878,11.116103200636203,0.7979087530051208,0.41666666666666663
256,0.95,M1,60.0,5,3.289037608697588,3.289037608697588,11.116103200636203,1.907717414083021,0.5833333333333333
256,0.95,CAP:8,60.0,5,3.427886669950971,3.427886669950971,11.116103200636203,2.046566475336404,0.25
256,0.95,CAP:16,60.0,5,3.365960581345133,3.365960581345133,11.116103200636203,1.9846403867305664,0.41666666666666663
256,0.95,SW:fixed3,60.0,5,3.4728694984632886,3.4728694984632886,11.116103200636203,2.0915493038487214,0.0
256,0.95,SW:fixed10,60.0,5,2.981018217943762,2.981018217943762,11.116103200636203,1.5996980233291942,0.3333333333333333
256,0.95,SW:stag3,60.0,5,3.2420333507163375,3.2420333507163375,11.116103200636203,1.8607131561017702,0.41666666666666663
256,0.95,CAPSCHED:3,60.0,5,3.671754824447194,3.671754824447194,11.116103200636203,2.2904346298326264,0.0
256,0.95,INTERLEAVE,60.0,5,3.2262133073644943,3.2262133073644943,11.116103200636203,1.8448931127499273,0.16666666666666666
256,0.95,BANDIT:8,60.0,5,2.4081725154862097,2.4081725154862097,11.116103200636203,1.026852320871642,0.5833333333333333
